title,filename,doi,year,venue,abstract,keywords,authors,primary_topic,primary_subfield,primary_field,primary_domain,referenced_works,related_works,cited_by_count,source
A Principle-based Analysis of Abstract Agent Argumentation Semantics,A Principle-based Analysis of Abstract Agent Argumentation Semantics.pdf,https://doi.org/10.24963/kr.2021/60,2021.0,,"Abstract agent argumentation frameworks extend Dung’s theory with agents, and in this paper we study four types of semantics for them. First, agent defense semantics replaces Dung’s notion of defense by some kind of agent defense. Second, social agent semantics prefers arguments that belong to more agents. Third, agent reduction semantics considers the perspective of individual agents. Fourth, agent filtering semantics are inspired by a lack of knowledge. We study five existing principles and we introduce twelve new ones. In total, we provide a full analysis of fifty-two agent semantics and the seventeen principles.",Argumentation theory; Semantics (computer science); Computer science; Argumentation framework; Perspective (graphical); Denotational semantics; Operational semantics; Multi-agent system; Artificial intelligence; Programming language; Epistemology; Philosophy,Liuwen Yu; Dongheng Chen; Lisha Qiao; Yiqi Shen; Leendert van der Torre,Multi-Agent Systems and Negotiation,Artificial Intelligence,Computer Science,Physical Sciences,https://openalex.org/W36665044; https://openalex.org/W1567975326; https://openalex.org/W1602796727; https://openalex.org/W2049248401; https://openalex.org/W2051478833; https://openalex.org/W2063837957; https://openalex.org/W2070179237; https://openalex.org/W2104126268; https://openalex.org/W2112029595; https://openalex.org/W2115449662; https://openalex.org/W2118090719; https://openalex.org/W2272896389; https://openalex.org/W2414842418; https://openalex.org/W2462420578; https://openalex.org/W2617321216; https://openalex.org/W2762987520; https://openalex.org/W2783015689; https://openalex.org/W2783708491; https://openalex.org/W2788809090; https://openalex.org/W2889435355; https://openalex.org/W2891074282; https://openalex.org/W2894210146; https://openalex.org/W2897348608; https://openalex.org/W2921040595; https://openalex.org/W3080322119; https://openalex.org/W3096499268; https://openalex.org/W4289548216; https://openalex.org/W6601531622; https://openalex.org/W6633903273; https://openalex.org/W6662625477; https://openalex.org/W6694144675; https://openalex.org/W6747739106; https://openalex.org/W6754353288; https://openalex.org/W6989287767,https://openalex.org/W124110387; https://openalex.org/W3216091191; https://openalex.org/W2052903087; https://openalex.org/W47899866; https://openalex.org/W3036972880; https://openalex.org/W1560931420; https://openalex.org/W3129725704; https://openalex.org/W2219393274; https://openalex.org/W2072493788; https://openalex.org/W2755363016,8.0,not_found_papers_enriched.csv
A Two-Phase Dialogue Game for Skeptical Preferred Semantics.,A Two-Phase Dialogue Game for Skeptical Preferred Semantics..pdf,https://doi.org/10.1007/978-3-319-48758-8_41,2016.0,Lecture notes in computer science,,Argument (complex analysis); Computer science; Extension (predicate logic); Argumentation theory; Skepticism; Correctness; Construct (python library); Mathematical economics; Semantics (computer science); Theoretical computer science; Epistemology; Algorithm; Mathematics; Programming language; Philosophy,Zohreh Shams; Nir Oren,Multi-Agent Systems and Negotiation,Artificial Intelligence,Computer Science,Physical Sciences,https://openalex.org/W14006711; https://openalex.org/W102060495; https://openalex.org/W118884479; https://openalex.org/W1487206350; https://openalex.org/W1497356603; https://openalex.org/W1511680847; https://openalex.org/W1521433304; https://openalex.org/W1972753218; https://openalex.org/W2104126268; https://openalex.org/W2129829265; https://openalex.org/W2245373112; https://openalex.org/W2294711601; https://openalex.org/W2320125866; https://openalex.org/W2403351823; https://openalex.org/W2545596265,https://openalex.org/W4256185029; https://openalex.org/W2141332034; https://openalex.org/W3008339103; https://openalex.org/W2337488240; https://openalex.org/W2762454042; https://openalex.org/W4388437769; https://openalex.org/W2064153856; https://openalex.org/W4230455549; https://openalex.org/W2404647514; https://openalex.org/W52290235,5.0,not_found_papers_enriched.csv
A logic programming framework for possibilistic argumentation Formalization and logical properties,A logic programming framework for possibilistic argumentation Formalization and logical properties.pdf,https://doi.org/10.1016/j.fss.2007.12.013,2008.0,Fuzzy Sets and Systems,,Logic programming; Defeasible estate; Argumentation theory; Computer science; Argument (complex analysis); Fuzzy logic; Defeasible reasoning; Argumentative; Argumentation framework; Non-monotonic logic; Artificial intelligence; Programming language; Theoretical computer science; Mathematics; Epistemology,Teresa Alsinet; Carlos Iván Chesñevar; Lluı́s Godo; Guillermo Ricardo Simari,Multi-Agent Systems and Negotiation,Artificial Intelligence,Computer Science,Physical Sciences,https://openalex.org/W47988291; https://openalex.org/W151765464; https://openalex.org/W159189698; https://openalex.org/W186848946; https://openalex.org/W650250757; https://openalex.org/W1255317831; https://openalex.org/W1481955269; https://openalex.org/W1490498454; https://openalex.org/W1498364211; https://openalex.org/W1501129163; https://openalex.org/W1510121260; https://openalex.org/W1525347523; https://openalex.org/W1543762573; https://openalex.org/W1569277790; https://openalex.org/W1572288416; https://openalex.org/W1583346297; https://openalex.org/W1586030051; https://openalex.org/W1600705349; https://openalex.org/W1602796727; https://openalex.org/W1825730661; https://openalex.org/W1996089549; https://openalex.org/W2003017965; https://openalex.org/W2015899729; https://openalex.org/W2020955676; https://openalex.org/W2050211807; https://openalex.org/W2067422403; https://openalex.org/W2069176561; https://openalex.org/W2075090033; https://openalex.org/W2075805052; https://openalex.org/W2098746567; https://openalex.org/W2104126268; https://openalex.org/W2107316243; https://openalex.org/W2108619657; https://openalex.org/W2111427732; https://openalex.org/W2133127628; https://openalex.org/W2145340246; https://openalex.org/W2145790759; https://openalex.org/W2155212122; https://openalex.org/W2156092566; https://openalex.org/W2159569510; https://openalex.org/W2169160043; https://openalex.org/W2170232725; https://openalex.org/W2502886499; https://openalex.org/W2914334278; https://openalex.org/W4210317869; https://openalex.org/W4285719527; https://openalex.org/W4388310111; https://openalex.org/W6628816561,https://openalex.org/W2118735566; https://openalex.org/W2380969826; https://openalex.org/W1528561239; https://openalex.org/W1523472488; https://openalex.org/W2936472323; https://openalex.org/W3082661735; https://openalex.org/W1519321178; https://openalex.org/W1487795664; https://openalex.org/W438619099; https://openalex.org/W2407256320,102.0,not_found_papers_enriched.csv
A tutorial on assumption-based argumentation,A tutorial on assumption-based argumentation.pdf,https://doi.org/10.1080/19462166.2013.869878,2014.0,Argument & Computation,"We give an introductory tutorial to assumption-based argumentation (referred to as ABA) – a form of argumentation where arguments and attacks are notions derived from primitive notions of rules in a deductive system, assumptions and contraries thereof. ABA is equipped with different semantics for determining ‘winning’ sets of assumptions and – interchangeably and equivalently – ‘winning’ sets of arguments. It is also equipped with a catalogue of computational techniques to determine whether given conclusions can be supported by a ‘winning’ set of arguments. These are in the form of disputes between (fictional) proponent and opponent players, provably correct w.r.t. the semantics. Albeit simple, ABA is powerful in that it can be used to represent and reason with a number of problems in AI and beyond: non-monotonic reasoning, preferences, decisions. While doing so, it encompasses the expressive and computational needs of these problems while affording the transparency and explanatory power of argumentation.",Argumentation theory; Computer science; Calculus (dental); Programming language; Epistemology; Philosophy; Medicine,Francesca Toni,Multi-Agent Systems and Negotiation,Artificial Intelligence,Computer Science,Physical Sciences,https://openalex.org/W14574457; https://openalex.org/W44734829; https://openalex.org/W72452787; https://openalex.org/W94041557; https://openalex.org/W98858009; https://openalex.org/W105821165; https://openalex.org/W166258322; https://openalex.org/W176373453; https://openalex.org/W176609766; https://openalex.org/W195239097; https://openalex.org/W1491996680; https://openalex.org/W1504340090; https://openalex.org/W1534361892; https://openalex.org/W1539931787; https://openalex.org/W1540024383; https://openalex.org/W1552250714; https://openalex.org/W1569448525; https://openalex.org/W1584531404; https://openalex.org/W1587191403; https://openalex.org/W1907236407; https://openalex.org/W1965296062; https://openalex.org/W1987005090; https://openalex.org/W2006784674; https://openalex.org/W2015899729; https://openalex.org/W2018816844; https://openalex.org/W2029784280; https://openalex.org/W2034735942; https://openalex.org/W2039020269; https://openalex.org/W2046131379; https://openalex.org/W2071122890; https://openalex.org/W2084827335; https://openalex.org/W2104126268; https://openalex.org/W2105953471; https://openalex.org/W2115268056; https://openalex.org/W2126499385; https://openalex.org/W2133568918; https://openalex.org/W2140256766; https://openalex.org/W2142350242; https://openalex.org/W2148970881; https://openalex.org/W2155322595; https://openalex.org/W2159569510; https://openalex.org/W2401879079; https://openalex.org/W2772521659; https://openalex.org/W2914176469; https://openalex.org/W2945259913; https://openalex.org/W4229554797; https://openalex.org/W4256682192; https://openalex.org/W4388298880; https://openalex.org/W6600583651,https://openalex.org/W2899084033; https://openalex.org/W2748952813; https://openalex.org/W4256185029; https://openalex.org/W2141332034; https://openalex.org/W2337488240; https://openalex.org/W2762454042; https://openalex.org/W52290235; https://openalex.org/W1598849238; https://openalex.org/W756293569; https://openalex.org/W4312998178,176.0,not_found_papers_enriched.csv
Acceptability Semantics for Weighted Argumentation Frameworks,Acceptability Semantics for Weighted Argumentation Frameworks.pdf,https://doi.org/10.24963/ijcai.2017/9,2017.0,,"The paper studies semantics that evaluate arguments in argumentation graphs, where each argument has a basic strength, and may be attacked by other arguments. It starts by defining a set of principles, each of which is a property that a semantics could satisfy. It provides the first formal analysis and comparison of existing semantics. Finally, it defines three novel semantics that satisfy more principles than existing ones.",Argumentation theory; Semantics (computer science); Computer science; Argument (complex analysis); Well-founded semantics; Proof-theoretic semantics; Operational semantics; Argumentation framework; Formal semantics (linguistics); Denotational semantics; Set (abstract data type); Property (philosophy); Computational semantics; Action semantics; Theoretical computer science; Programming language; Natural language processing; Epistemology,Leïla Amgoud; Jonathan Ben-Naim; Dragan Doder; Srdjan Vesić,Multi-Agent Systems and Negotiation,Artificial Intelligence,Computer Science,Physical Sciences,https://openalex.org/W36665044; https://openalex.org/W52566239; https://openalex.org/W118976055; https://openalex.org/W157848010; https://openalex.org/W1540952379; https://openalex.org/W1772815481; https://openalex.org/W1825730661; https://openalex.org/W1966873207; https://openalex.org/W2075002200; https://openalex.org/W2078438690; https://openalex.org/W2079883067; https://openalex.org/W2104126268; https://openalex.org/W2107316243; https://openalex.org/W2116246756; https://openalex.org/W2118090719; https://openalex.org/W2118471024; https://openalex.org/W2160547131; https://openalex.org/W2265288561; https://openalex.org/W2405720308; https://openalex.org/W2524556227; https://openalex.org/W2575025881; https://openalex.org/W2578757281; https://openalex.org/W2613795762; https://openalex.org/W4297786039; https://openalex.org/W4300570530; https://openalex.org/W6604764964; https://openalex.org/W6606363322; https://openalex.org/W6677821441; https://openalex.org/W6685309501; https://openalex.org/W6731525460; https://openalex.org/W6732394414; https://openalex.org/W6803771590,https://openalex.org/W91938043; https://openalex.org/W1518056771; https://openalex.org/W113177489; https://openalex.org/W2415302829; https://openalex.org/W2109790275; https://openalex.org/W321717935; https://openalex.org/W2156720745; https://openalex.org/W1990759781; https://openalex.org/W2399019821; https://openalex.org/W4388795455,71.0,not_found_papers_enriched.csv
An Assumption-Based Framework for Non-Monotonic Reasoning,An Assumption-Based Framework for Non-Monotonic Reasoning.pdf,https://doi.org/10.7551/mitpress/4307.003.0016,1993.0,Logic Programming and Non-Monotonic Reasoning,,Monotonic function; Computer science; Mathematics; Mathematical analysis,A. G. Bondarenko; Francesca Toni; Robert Kowalski,"Logic, Reasoning, and Knowledge",Artificial Intelligence,Computer Science,Physical Sciences,,https://openalex.org/W2748952813; https://openalex.org/W4380682190; https://openalex.org/W4315701745; https://openalex.org/W1990290471; https://openalex.org/W2945307361; https://openalex.org/W2102386043; https://openalex.org/W2005710836; https://openalex.org/W2003813852; https://openalex.org/W2116636209; https://openalex.org/W4366779185,126.0,not_found_papers_enriched.csv
Argument Attribution Explanations in Quantitative Bipolar Argumentation Frameworks,Argument Attribution Explanations in Quantitative Bipolar Argumentation Frameworks.pdf,https://doi.org/10.3233/faia230603,2023.0,Frontiers in artificial intelligence and applications,"Argumentative explainable AI has been advocated by several in recent years, with an increasing interest on explaining the reasoning outcomes of Argumentation Frameworks (AFs). While there is a considerable body of research on qualitatively explaining the reasoning outcomes of AFs with debates/disputes/dialogues in the spirit of extension-based semantics, explaining the quantitative reasoning outcomes of AFs under gradual semantics has not received much attention, despite widespread use in applications. In this paper, we contribute to filling this gap by proposing a novel theory of Argument Attribution Explanations (AAEs) by incorporating the spirit of feature attribution from machine learning in the context of Quantitative Bipolar Argumentation Frameworks (QBAFs): whereas feature attribution is used to determine the influence of features towards outputs of machine learning models, AAEs are used to determine the influence of arguments towards topic arguments of interest. We study desirable properties of AAEs, including some new ones and some partially adapted from the literature to our setting. To demonstrate the applicability of our AAEs in practice, we conclude by carrying out two case studies in the scenarios of fake news detection and movie recommender systems.",Argumentation theory; Attribution; Argument (complex analysis); Argumentative; Context (archaeology); Semantics (computer science); Computer science; Feature (linguistics); Epistemology; Argumentation framework; Authorship attribution; Artificial intelligence; Data science; Psychology; Social psychology; Linguistics; Philosophy; Chemistry,Xiang Yin; Nico Potyka; Francesca Toni,Topic Modeling,Artificial Intelligence,Computer Science,Physical Sciences,https://openalex.org/W28385484; https://openalex.org/W1519455504; https://openalex.org/W1900017563; https://openalex.org/W1965333653; https://openalex.org/W2022792521; https://openalex.org/W2079883067; https://openalex.org/W2104126268; https://openalex.org/W2150165932; https://openalex.org/W2240433827; https://openalex.org/W2346578521; https://openalex.org/W2411881509; https://openalex.org/W2516809705; https://openalex.org/W2524556227; https://openalex.org/W2594079227; https://openalex.org/W2605409611; https://openalex.org/W2618851150; https://openalex.org/W2625153660; https://openalex.org/W2788538021; https://openalex.org/W2808093526; https://openalex.org/W2884913901; https://openalex.org/W2891503716; https://openalex.org/W2899320128; https://openalex.org/W2904302354; https://openalex.org/W2945667586; https://openalex.org/W2945701722; https://openalex.org/W2962862931; https://openalex.org/W2970929006; https://openalex.org/W2972211610; https://openalex.org/W2980975299; https://openalex.org/W3080190649; https://openalex.org/W3107600318; https://openalex.org/W3144635834; https://openalex.org/W3155304331; https://openalex.org/W3167168831; https://openalex.org/W3175495812; https://openalex.org/W3177471157; https://openalex.org/W3216065183; https://openalex.org/W4210963087; https://openalex.org/W4213419683; https://openalex.org/W4281253658; https://openalex.org/W4283313256; https://openalex.org/W4300343529; https://openalex.org/W4308830333,https://openalex.org/W4321509371; https://openalex.org/W2513082738; https://openalex.org/W1596851013; https://openalex.org/W2195988402; https://openalex.org/W2796323698; https://openalex.org/W1601611047; https://openalex.org/W1502948570; https://openalex.org/W4385893816; https://openalex.org/W4385292803; https://openalex.org/W4387171455,1.0,not_found_papers_enriched.csv
Argument Visualization and Narrative Approaches for Collaborative Spatial Decision Making and Knowledge Construction A Case Study for an Offshore Wind Farm Project,Argument Visualization and Narrative Approaches for Collaborative Spatial Decision Making and Knowledge Construction A Case Study for an Offshore Wind Farm Project.pdf,https://doi.org/10.1007/978-3-319-27430-0_10,2015.0,Lecture notes in computer science,,Computer science; Narrative; Offshore wind power; Argument (complex analysis); Visualization; Knowledge management; Data science; Operations research; Artificial intelligence; Wind power; Engineering,Aamna AlShehhi; Zeyar Aung; Wei Lee Woon,Geographic Information Systems Studies,"Geography, Planning and Development",Social Sciences,Social Sciences,https://openalex.org/W213572128; https://openalex.org/W637581729; https://openalex.org/W654075956; https://openalex.org/W1502046018; https://openalex.org/W1529610850; https://openalex.org/W1569055712; https://openalex.org/W1575316482; https://openalex.org/W1793989827; https://openalex.org/W1814757303; https://openalex.org/W1966960384; https://openalex.org/W1968297949; https://openalex.org/W1969665102; https://openalex.org/W1973997806; https://openalex.org/W1976069032; https://openalex.org/W1997586913; https://openalex.org/W1998170305; https://openalex.org/W2019593251; https://openalex.org/W2025828342; https://openalex.org/W2026172046; https://openalex.org/W2080456555; https://openalex.org/W2090074022; https://openalex.org/W2115164132; https://openalex.org/W2117633682; https://openalex.org/W2127580579; https://openalex.org/W2133391912; https://openalex.org/W2160099861; https://openalex.org/W2170226793; https://openalex.org/W2225158035; https://openalex.org/W2334801791; https://openalex.org/W2488171025; https://openalex.org/W2544576356; https://openalex.org/W3125018924; https://openalex.org/W4240774676; https://openalex.org/W4285719527; https://openalex.org/W4299914783,https://openalex.org/W2348886128; https://openalex.org/W2388067091; https://openalex.org/W2367656648; https://openalex.org/W2767361142; https://openalex.org/W3184486719; https://openalex.org/W2017634520; https://openalex.org/W2068608913; https://openalex.org/W1598375762; https://openalex.org/W2350200549; https://openalex.org/W2362132076,2.0,not_found_papers_enriched.csv
Assisted Debate Builder with Large Language Models,Assisted Debate Builder with Large Language Models.pdf,https://doi.org/10.3233/faia241026,2024.0,Frontiers in artificial intelligence and applications,"We introduce ADBL2, an assisted debate builder tool. It is based on the capability of large language models to generalise and perform relation-based argument mining in a wide-variety of domains. It is the first open-source tool that leverages relation-based mining for (1) the verification of pre-established relations in a debate and (2) the assisted creation of new arguments by means of large language models. ADBL2 is highly modular and can work with any open-source large language models that are used as plugins. As a by-product, we also provide the first fine-tuned Mistral-7B large language model for relation-based argument mining, usable by ADBL2, which outperforms existing approaches for this task with an overall F1-score of 90.59% across all domains.",Argument (complex analysis); Computer science; USable; Relation (database); Plug-in; Variety (cybernetics); Task (project management); Programming language; Modular design; Language model; Natural language processing; Modeling language; Artificial intelligence; World Wide Web; Data mining; Engineering; Software; Systems engineering,Elliot Faugier; Frédéric Armetta; Angela Bonifati; Bruno Yun,Natural Language Processing Techniques,Artificial Intelligence,Computer Science,Physical Sciences,,https://openalex.org/W47352601; https://openalex.org/W2981957539; https://openalex.org/W4287378204; https://openalex.org/W2461489085; https://openalex.org/W2545422590; https://openalex.org/W4240705470; https://openalex.org/W2945311252; https://openalex.org/W2982321410; https://openalex.org/W2392004567; https://openalex.org/W631546281,2.0,not_found_papers_enriched.csv
Assumption-Based Argumentation Equipped with Preferences,Assumption-Based Argumentation Equipped with Preferences.pdf,https://doi.org/10.1007/978-3-319-13191-7_10,2014.0,Lecture notes in computer science,,Argumentation theory; Computer science; Expressive power; Sentence; Semantics (computer science); Theoretical computer science; Artificial intelligence; Power (physics); Epistemology; Programming language,Toshiko Wakaki,Multi-Agent Systems and Negotiation,Artificial Intelligence,Computer Science,Physical Sciences,https://openalex.org/W20253354; https://openalex.org/W44734829; https://openalex.org/W98858009; https://openalex.org/W112736345; https://openalex.org/W165610595; https://openalex.org/W172988810; https://openalex.org/W1504340090; https://openalex.org/W1521469396; https://openalex.org/W1546359515; https://openalex.org/W1552250714; https://openalex.org/W1582663744; https://openalex.org/W1672891595; https://openalex.org/W1951907177; https://openalex.org/W1961668815; https://openalex.org/W1966873207; https://openalex.org/W1985161451; https://openalex.org/W1988650943; https://openalex.org/W2006559750; https://openalex.org/W2015899729; https://openalex.org/W2039020269; https://openalex.org/W2048283782; https://openalex.org/W2076698873; https://openalex.org/W2104126268; https://openalex.org/W2107113867; https://openalex.org/W2116246756; https://openalex.org/W2121835362; https://openalex.org/W2149567024; https://openalex.org/W2155476636; https://openalex.org/W2162068502; https://openalex.org/W2167635066; https://openalex.org/W2293504531; https://openalex.org/W2415700644; https://openalex.org/W2481559215; https://openalex.org/W2496097244; https://openalex.org/W2496730082; https://openalex.org/W2524978612; https://openalex.org/W2613922719,https://openalex.org/W2141332034; https://openalex.org/W4256185029; https://openalex.org/W4388437769; https://openalex.org/W2762454042; https://openalex.org/W2064153856; https://openalex.org/W2337488240; https://openalex.org/W1911405709; https://openalex.org/W2003031781; https://openalex.org/W3006338902; https://openalex.org/W1679944736,14.0,not_found_papers_enriched.csv
Behavioral Experiments for Assessing the Abstract,Behavioral Experiments for Assessing the Abstract.pdf,https://doi.org/10.1111/j.1551-6709.2010.01123.x,2010.0,Cognitive Science,"Argumentation is a very fertile area of research in Artificial Intelligence, and various semantics have been developed to predict when an argument can be accepted, depending on the abstract structure of its defeaters and defenders. When these semantics make conflicting predictions, theoretical arbitration typically relies on ad hoc examples and normative intuition about what prediction ought to be the correct one. We advocate a complementary, descriptive-experimental method, based on the collection of behavioral data about the way human reasoners handle these critical cases. We report two studies applying this method to the case of reinstatement (both in its simple and floating forms). Results speak for the cognitive plausibility of reinstatement and yet show that it does not yield the full expected recovery of the attacked argument. Furthermore, results show that floating reinstatement yields comparable effects to that of simple reinstatement, thus arguing in favor of preferred argumentation semantics, rather than grounded argumentation semantics. Besides their theoretical value for validating and inspiring argumentation semantics, these results have applied value for developing artificial agents meant to argue with human users.",Argumentation theory; Argument (complex analysis); Computer science; Semantics (computer science); Normative; Artificial intelligence; Intuition; Cognitive science; Argumentation framework; Value (mathematics); Epistemology; Psychology; Machine learning; Programming language; Philosophy,Iyad Rahwan; Iqbal Madakkatel; Jean‐François Bonnefon; Ruqiyabi Naz Awan; Sherief Abdallah,Multi-Agent Systems and Negotiation,Artificial Intelligence,Computer Science,Physical Sciences,https://openalex.org/W112560872; https://openalex.org/W162743038; https://openalex.org/W1510315745; https://openalex.org/W1547762555; https://openalex.org/W1555466033; https://openalex.org/W1578957392; https://openalex.org/W1584858533; https://openalex.org/W1595235134; https://openalex.org/W1626176828; https://openalex.org/W1972019381; https://openalex.org/W1990429790; https://openalex.org/W2015431510; https://openalex.org/W2015899729; https://openalex.org/W2017840457; https://openalex.org/W2022264647; https://openalex.org/W2023948166; https://openalex.org/W2043753407; https://openalex.org/W2045455892; https://openalex.org/W2053218582; https://openalex.org/W2064460163; https://openalex.org/W2070285744; https://openalex.org/W2074922803; https://openalex.org/W2076995410; https://openalex.org/W2090707686; https://openalex.org/W2095959179; https://openalex.org/W2096452841; https://openalex.org/W2101239135; https://openalex.org/W2102451699; https://openalex.org/W2104126268; https://openalex.org/W2106728171; https://openalex.org/W2111887774; https://openalex.org/W2112029595; https://openalex.org/W2118090719; https://openalex.org/W2118471024; https://openalex.org/W2119129799; https://openalex.org/W2121835362; https://openalex.org/W2129829265; https://openalex.org/W2142034193; https://openalex.org/W2144925414; https://openalex.org/W2148970881; https://openalex.org/W2154023470; https://openalex.org/W2962690512; https://openalex.org/W3092712820; https://openalex.org/W4229554797; https://openalex.org/W4242981563; https://openalex.org/W4249535114; https://openalex.org/W4285719527,https://openalex.org/W1607097899; https://openalex.org/W124110387; https://openalex.org/W3216091191; https://openalex.org/W2052903087; https://openalex.org/W47899866; https://openalex.org/W1560931420; https://openalex.org/W2050214921; https://openalex.org/W52290235; https://openalex.org/W2065807231; https://openalex.org/W1975845914,78.0,not_found_papers_enriched.csv
Continuum Argumentation Frameworks from Cooperative Game Theory,Continuum Argumentation Frameworks from Cooperative Game Theory.pdf,https://doi.org/10.3233/faia200524,2020.0,Frontiers in artificial intelligence and applications,"We investigate the argumentation frameworks (AFs) that arise from multi-player transferable-utility cooperative games. These AFs have uncountably infinitely many arguments; arguments represent alternative payoff distributions to the players. We examine which of the various properties of AFs (from Dung's 1995 seminal paper) hold; we prove that these AFs are never finitary, never well-founded, always controversial and never limited controversial. We hope that this will encourage further exchange of ideas between argumentation and cooperative games.",Argumentation theory; Game theory; Computer science; Epistemology; Mathematical economics; Mathematics; Philosophy,Anthony P. Young; David Kohan Marzagão; Josh Murphy,Multi-Agent Systems and Negotiation,Artificial Intelligence,Computer Science,Physical Sciences,https://openalex.org/W194006334; https://openalex.org/W1562353621; https://openalex.org/W1965943287; https://openalex.org/W1975303601; https://openalex.org/W1998788558; https://openalex.org/W2011782253; https://openalex.org/W2067594649; https://openalex.org/W2102152964; https://openalex.org/W2104126268; https://openalex.org/W2148503166; https://openalex.org/W2167497429; https://openalex.org/W2965002538,https://openalex.org/W4391375266; https://openalex.org/W2899084033; https://openalex.org/W2748952813; https://openalex.org/W4256185029; https://openalex.org/W2141332034; https://openalex.org/W4388437769; https://openalex.org/W4391098513; https://openalex.org/W2810654249; https://openalex.org/W1493131192; https://openalex.org/W4321509371,0.0,not_found_papers_enriched.csv
Convergence and stability of Galerkin finite element method for hyperbolic Partial differential equation with piecewise continuous Arguments of Advanced Type,Convergence and stability of Galerkin finite element method for hyperbolic Partial differential equation with piecewise continuous Arguments of Advanced Type.pdf,https://doi.org/10.3846/mma.2023.16677,2023.0,Mathematical Modelling and Analysis,"This paper deals with the convergence and stability of Galerkin finite element method for a hyperbolic partial differential equations with piecewise continuous arguments of advanced type. First of all, we obtain the expression of analytic solution by the method of separation variable, then the sufficient conditions for stability are obtained. Semidiscrete and fully discrete schemes are derived by Galerkin finite element method, and their convergence are both analyzed in L2-norm. Moreover, the stability of the two schemes are investigated. The semidiscrete scheme can achieve unconditionally stability. The sufficient conditions of stability for fully discrete scheme are derived under which the analytic solution is asymptotically stable. Finally, some numerical experiments are presented to illustrate the theoretical results.",Mathematics; Piecewise; Finite element method; Galerkin method; Hyperbolic partial differential equation; Partial differential equation; Discontinuous Galerkin method; Mathematical analysis; Stability (learning theory); Convergence (economics); Applied mathematics; Norm (philosophy); Stability theory; Nonlinear system; Computer science,Yongtang Chen; Qi Wang,Advanced Numerical Methods in Computational Mathematics,Computational Mechanics,Engineering,Physical Sciences,https://openalex.org/W374977727; https://openalex.org/W1992469756; https://openalex.org/W2008117223; https://openalex.org/W2041333630; https://openalex.org/W2043392073; https://openalex.org/W2050981767; https://openalex.org/W2053047639; https://openalex.org/W2066202829; https://openalex.org/W2081277494; https://openalex.org/W2082621526; https://openalex.org/W2117403072; https://openalex.org/W2192202393; https://openalex.org/W2461570565; https://openalex.org/W2471565216; https://openalex.org/W2535457083; https://openalex.org/W2563703745; https://openalex.org/W2580459080; https://openalex.org/W2591308379; https://openalex.org/W2611358462; https://openalex.org/W2767727682; https://openalex.org/W2769508618; https://openalex.org/W2780226290; https://openalex.org/W2792235942; https://openalex.org/W2803634166; https://openalex.org/W2892280020; https://openalex.org/W2900463803; https://openalex.org/W2907469738; https://openalex.org/W2924873015; https://openalex.org/W2953446726; https://openalex.org/W3031378268; https://openalex.org/W3039617479; https://openalex.org/W3082039685; https://openalex.org/W3134553542; https://openalex.org/W4298874742,https://openalex.org/W623557396; https://openalex.org/W2120874885; https://openalex.org/W1965109456; https://openalex.org/W2982093746; https://openalex.org/W3043435143; https://openalex.org/W2162026849; https://openalex.org/W2394687667; https://openalex.org/W1995357705; https://openalex.org/W2462867196; https://openalex.org/W2050773296,0.0,not_found_papers_enriched.csv
Data Reduction for Continuum of Care An Exploratory Study Using the Predicate-Argument Structure to Pre-process Radiology Sentences for Measurement of Semantic Similarity,Data Reduction for Continuum of Care An Exploratory Study Using the Predicate-Argument Structure to Pre-process Radiology Sentences for Measurement of Semantic Similarity.pdf,https://doi.org/10.1007/978-3-642-39194-1_60,2013.0,Lecture notes in computer science,,Computer science; Natural language processing; Predicate (mathematical logic); Artificial intelligence; Information retrieval; Programming language,Eric Tyner Newsom; Josette Jones,Radiology practices and education,"Radiology, Nuclear Medicine and Imaging",Medicine,Health Sciences,https://openalex.org/W41809082; https://openalex.org/W186166080; https://openalex.org/W1439222551; https://openalex.org/W1481723484; https://openalex.org/W1553828724; https://openalex.org/W1566018662; https://openalex.org/W1651266083; https://openalex.org/W1987661380; https://openalex.org/W1988624983; https://openalex.org/W2002514548; https://openalex.org/W2062458775; https://openalex.org/W2065602513; https://openalex.org/W2067994019; https://openalex.org/W2072323436; https://openalex.org/W2073449354; https://openalex.org/W2109368679; https://openalex.org/W2113202266; https://openalex.org/W2122139846; https://openalex.org/W2128374977; https://openalex.org/W2134498732; https://openalex.org/W2137846772; https://openalex.org/W2145310422; https://openalex.org/W2146089916; https://openalex.org/W2152785430; https://openalex.org/W2153771335; https://openalex.org/W2156832572; https://openalex.org/W2161299591; https://openalex.org/W2553280805; https://openalex.org/W2993672906,https://openalex.org/W2748952813; https://openalex.org/W2390279801; https://openalex.org/W2358668433; https://openalex.org/W2376932109; https://openalex.org/W2001405890; https://openalex.org/W2382290278; https://openalex.org/W2350741829; https://openalex.org/W2530322880; https://openalex.org/W1596801655; https://openalex.org/W3204019825,1.0,not_found_papers_enriched.csv
Defeasible Logic Programming An Argumentative Approach,Defeasible Logic Programming An Argumentative Approach.pdf,https://doi.org/10.1017/s1471068403001674,2004.0,Theory and Practice of Logic Programming,"The work reported here introduces Defeasible Logic Programming (DeLP), a formalism that combines results of Logic Programming and Defeasible Argumentation. DeLP provides the possibility of representing information in the form of weak rules in a declarative manner, and a defeasible argumentation inference mechanism for warranting the entailed conclusions. In DeLP an argumentation formalism will be used for deciding between contradictory goals. Queries will be supported by arguments that could be defeated by other arguments. A query $q$ will succeed when there is an argument ${\mathcal A}$ for $q$ that is warranted, i.e. the argument ${\mathcal A}$ that supports $q$ is found undefeated by a warrant procedure that implements a dialectical analysis. The defeasible argumentation basis of DeLP allows to build applications that deal with incomplete and contradictory information in dynamic domains. Thus, the resulting approach is suitable for representing agent's knowledge and for providing an argumentation based reasoning mechanism to agents.",Defeasible estate; Argumentative; Argumentation theory; Computer science; Defeasible reasoning; Logic programming; Argument (complex analysis); Formalism (music); Inference; Dialectic; Argumentation framework; Epistemology; Negation; Artificial intelligence; Programming language; Theoretical computer science; Philosophy,Alejandro Javier García; Guillermo Ricardo Simari,"Logic, Reasoning, and Knowledge",Artificial Intelligence,Computer Science,Physical Sciences,https://openalex.org/W15403292; https://openalex.org/W31765358; https://openalex.org/W36835666; https://openalex.org/W70051331; https://openalex.org/W94320921; https://openalex.org/W98858009; https://openalex.org/W140495063; https://openalex.org/W146262510; https://openalex.org/W161689931; https://openalex.org/W175097389; https://openalex.org/W176609766; https://openalex.org/W190056634; https://openalex.org/W282096358; https://openalex.org/W403189958; https://openalex.org/W595303762; https://openalex.org/W1480567734; https://openalex.org/W1482502297; https://openalex.org/W1501129163; https://openalex.org/W1511711492; https://openalex.org/W1514637386; https://openalex.org/W1519069519; https://openalex.org/W1519321178; https://openalex.org/W1536718957; https://openalex.org/W1541434994; https://openalex.org/W1542582773; https://openalex.org/W1559309754; https://openalex.org/W1564586270; https://openalex.org/W1588413856; https://openalex.org/W1589875904; https://openalex.org/W1596676946; https://openalex.org/W1784061619; https://openalex.org/W1847820984; https://openalex.org/W1936596455; https://openalex.org/W1974572827; https://openalex.org/W1986999264; https://openalex.org/W1987005090; https://openalex.org/W2006937397; https://openalex.org/W2010210638; https://openalex.org/W2039020269; https://openalex.org/W2048580623; https://openalex.org/W2050211807; https://openalex.org/W2060470146; https://openalex.org/W2069176561; https://openalex.org/W2090259450; https://openalex.org/W2098746567; https://openalex.org/W2098791425; https://openalex.org/W2104126268; https://openalex.org/W2113169658; https://openalex.org/W2124620840; https://openalex.org/W2156092566; https://openalex.org/W2170232725; https://openalex.org/W2914176469; https://openalex.org/W2914514117; https://openalex.org/W4214774978; https://openalex.org/W4255906918; https://openalex.org/W4285719527; https://openalex.org/W4388216514; https://openalex.org/W6601522872; https://openalex.org/W6603853096; https://openalex.org/W6628690829; https://openalex.org/W6630458657; https://openalex.org/W6631021512; https://openalex.org/W6632869669; https://openalex.org/W6635323949; https://openalex.org/W6635885897; https://openalex.org/W6638396678; https://openalex.org/W6675036708; https://openalex.org/W6678654309; https://openalex.org/W6758988285; https://openalex.org/W6759397800,https://openalex.org/W2199154339; https://openalex.org/W1487795664; https://openalex.org/W69191592; https://openalex.org/W2204233742; https://openalex.org/W1966873207; https://openalex.org/W2356706061; https://openalex.org/W438619099; https://openalex.org/W2112717257; https://openalex.org/W4200472950; https://openalex.org/W1575997249,815.0,not_found_papers_enriched.csv
Determining the Acceptability of Abstract Arguments with Graph Convolutional Networks,Determining the Acceptability of Abstract Arguments with Graph Convolutional Networks.pdf,,2020.0,,,Computer science; Graph; Artificial intelligence; Theoretical computer science,Lars Malmqvist; Tangming Yuan; Peter Nightingale; Suresh Manandhar,Semantic Web and Ontologies,Artificial Intelligence,Computer Science,Physical Sciences,https://openalex.org/W2790580136; https://openalex.org/W2800433432; https://openalex.org/W2892427500; https://openalex.org/W2950339339; https://openalex.org/W2963084622; https://openalex.org/W2963938535; https://openalex.org/W2994561262; https://openalex.org/W3104097132; https://openalex.org/W4210257598,https://openalex.org/W3212165552; https://openalex.org/W3092712355; https://openalex.org/W3160986365; https://openalex.org/W3014349360; https://openalex.org/W2997861287; https://openalex.org/W2529634136; https://openalex.org/W3212326950; https://openalex.org/W2089128474; https://openalex.org/W2784437443; https://openalex.org/W2899371057; https://openalex.org/W2488563070; https://openalex.org/W2974545553; https://openalex.org/W2606314866; https://openalex.org/W3025618711; https://openalex.org/W2960281091; https://openalex.org/W2613872107; https://openalex.org/W2188582644; https://openalex.org/W2741670486; https://openalex.org/W2596115895; https://openalex.org/W2268802651,7.0,not_found_papers_enriched.csv
Directionality of Attacks in Natural Language Argumentation,Directionality of Attacks in Natural Language Argumentation.pdf,,2018.0,Open Repository and Bibliography (University of Luxembourg),peer reviewed,Directionality; Argumentation theory; Computer science; Natural (archaeology); Reversing; Linguistics; Geology; Engineering; Philosophy,Marcos Cramer; Mathieu Guillaumé,Multi-Agent Systems and Negotiation,Artificial Intelligence,Computer Science,Physical Sciences,https://openalex.org/W174341536; https://openalex.org/W2006559750; https://openalex.org/W2048283782; https://openalex.org/W2069176561; https://openalex.org/W2088166168; https://openalex.org/W2104126268; https://openalex.org/W2397527369; https://openalex.org/W2559772828; https://openalex.org/W2742131233; https://openalex.org/W2756940318,https://openalex.org/W2104126268; https://openalex.org/W2075834747; https://openalex.org/W2490247423; https://openalex.org/W2288264044; https://openalex.org/W162419442; https://openalex.org/W3154911848; https://openalex.org/W2894412276; https://openalex.org/W2899136077; https://openalex.org/W2346941661; https://openalex.org/W2571636093; https://openalex.org/W2050214921; https://openalex.org/W2912804155; https://openalex.org/W3036270982; https://openalex.org/W2397350890; https://openalex.org/W2179250501; https://openalex.org/W2117339708; https://openalex.org/W2755394624; https://openalex.org/W1572934910; https://openalex.org/W232582402; https://openalex.org/W3090025206,9.0,not_found_papers_enriched.csv
Dispute Resolution in Legal Mediation with Quantitative Argumentation,Dispute Resolution in Legal Mediation with Quantitative Argumentation.pdf,https://doi.org/10.3233/faia241252,2024.0,Frontiers in artificial intelligence and applications,"Mediation is often treated as an extension of negotiation, without taking into account the unique role that norms and facts play in legal mediation. Additionally, current approaches for updating argument acceptability with changing variables often require adding or removing arguments, resulting in an inefficient and cumbersome decision-making process in legal disputes. In this paper, we first introduce a QuAM (Quantitative Argumentation Mediate) framework, which integrates the parties’ knowledge and the mediator’s knowledge, including facts and legal norms, when determining the acceptability of a mediation goal. Then we develop a new formalism to model the relationship between the acceptability of a goal argument and the values assigned to a variable associated with the argument.",Argumentation theory; Mediation; Resolution (logic); Dispute resolution; Political science; Epistemology; Alternative dispute resolution; Law; Psychology; Computer science; Philosophy; Artificial intelligence,Xiao Chi,Dispute Resolution and Class Actions,Strategy and Management,"Business, Management and Accounting",Social Sciences,,https://openalex.org/W2906662413; https://openalex.org/W3169488673; https://openalex.org/W1547181012; https://openalex.org/W2355977280; https://openalex.org/W2292092179; https://openalex.org/W2771501499; https://openalex.org/W3098660280; https://openalex.org/W2943587348; https://openalex.org/W3189387988; https://openalex.org/W2606158272,0.0,not_found_papers_enriched.csv
Enhancing Unmanned Aerial Vehicle Security A Zero-Knowledge Proof Approach with Zero-Knowledge Succinct Non-Interactive Arguments of Knowledge for Authentication and Location Proof,Enhancing Unmanned Aerial Vehicle Security A Zero-Knowledge Proof Approach with Zero-Knowledge Succinct Non-Interactive Arguments of Knowledge for Authentication and Location Proof.pdf,https://doi.org/10.3390/s24175838,2024.0,Sensors,"UAVs are increasingly being used in various domains, from personal and commercial applications to military operations. Ensuring the security and trustworthiness of UAV communications is crucial, and blockchain technology has been explored as a solution. However, privacy remains a challenge, especially in public blockchains. In this work, we propose a novel approach utilizing zero-knowledge proof techniques, specifically zk-SNARKs, which are non-interactive cryptographic proofs. This approach allows UAVs to prove their authenticity or location without disclosing sensitive information. We generated zk-SNARK proofs using the Zokrates tool on a Raspberry Pi, simulating a drone environment, and analyzed power consumption and CPU utilization. The results are promising, especially in the case of larger drones with higher battery capacities. Ethereum was chosen as the public blockchain platform, with smart contracts developed in Solidity and tested on the Sepolia testnet using Remix IDE. This novel proposed approach paves the way for a new path of research in the UAV area.",Zero-knowledge proof; Mathematical proof; Proof of concept; Computer science; Drone; Blockchain; Authentication (law); Cryptography; Computer security; Mathematics,Athanasios Koulianos; Panagiotis Paraskevopoulos; Αντώνιος Λίτκε; Nikolaos Papadakis,Blockchain Technology Applications and Security,Information Systems,Computer Science,Physical Sciences,https://openalex.org/W1626619708; https://openalex.org/W1970606468; https://openalex.org/W2018746447; https://openalex.org/W2113274749; https://openalex.org/W2152005134; https://openalex.org/W2496543269; https://openalex.org/W2517744317; https://openalex.org/W2743347828; https://openalex.org/W2897450989; https://openalex.org/W2940459376; https://openalex.org/W2945919750; https://openalex.org/W2948043589; https://openalex.org/W2953480947; https://openalex.org/W2964266016; https://openalex.org/W2965135529; https://openalex.org/W2966657623; https://openalex.org/W2982474429; https://openalex.org/W2990181228; https://openalex.org/W3008565796; https://openalex.org/W3008841936; https://openalex.org/W3017089210; https://openalex.org/W3033654772; https://openalex.org/W3039137470; https://openalex.org/W3046632956; https://openalex.org/W3048597376; https://openalex.org/W3097686659; https://openalex.org/W3126728199; https://openalex.org/W3129562788; https://openalex.org/W3134424010; https://openalex.org/W3136753322; https://openalex.org/W3138755759; https://openalex.org/W3152617045; https://openalex.org/W3159183204; https://openalex.org/W3165076188; https://openalex.org/W3194056928; https://openalex.org/W3215477906; https://openalex.org/W4200335308; https://openalex.org/W4213455517; https://openalex.org/W4287729881; https://openalex.org/W4290716241; https://openalex.org/W4292231507; https://openalex.org/W4304944448; https://openalex.org/W4307139962; https://openalex.org/W4380682691; https://openalex.org/W4384161756; https://openalex.org/W4387780417; https://openalex.org/W4392796487; https://openalex.org/W4392928519; https://openalex.org/W6770381254; https://openalex.org/W6773970062; https://openalex.org/W6804852260; https://openalex.org/W6805332818; https://openalex.org/W6863069876,https://openalex.org/W1970588133; https://openalex.org/W2022025391; https://openalex.org/W2163538620; https://openalex.org/W3036179535; https://openalex.org/W1567449721; https://openalex.org/W3037184231; https://openalex.org/W1598473030; https://openalex.org/W2953172612; https://openalex.org/W4385763783; https://openalex.org/W4392845560,11.0,not_found_papers_enriched.csv
GraphNLI A Graph-based Natural Language Inference Model for Polarity Prediction in Online Debates,GraphNLI A Graph-based Natural Language Inference Model for Polarity Prediction in Online Debates.pdf,https://doi.org/10.1145/3485447.3512144,2022.0,Proceedings of the ACM Web Conference 2022,"Online forums that allow participatory engagement between users have been transformative for public discussion of important issues. However, debates on such forums can sometimes escalate into full blown exchanges of hate or misinformation. An important tool in understanding and tackling such problems is to be able to infer the argumentative relation of whether a reply is supporting or attacking the post it is replying to. This so called polarity prediction task is difficult because replies may be based on external context beyond a post and the reply whose polarity is being predicted. We propose GraphNLI, a novel graph-based deep learning architecture that uses graph walk techniques to capture the wider context of a discussion thread in a principled fashion. Specifically, we propose methods to perform root-seeking graph walks that start from a post and captures its surrounding context to generate additional embeddings for the post. We then use these embeddings to predict the polarity relation between a reply and the post it is replying to. We evaluate the performance of our models on a curated debate dataset from Kialo, an online debating platform. Our model outperforms relevant baselines, including S-BERT, with an overall accuracy of 83%.",Computer science; Inference; Misinformation; Graph; Artificial intelligence; Relation (database); Argumentative; Citizen journalism; Polarity (international relations); Context (archaeology); Data science; Natural language processing; World Wide Web; Theoretical computer science; Epistemology; Data mining,Vibhor Agarwal; Sagar Joglekar; Anthony P. Young; Nishanth Sastry,Social Media and Politics,Communication,Social Sciences,Social Sciences,https://openalex.org/W1606218761; https://openalex.org/W1975303601; https://openalex.org/W2071549077; https://openalex.org/W2075834747; https://openalex.org/W2088589173; https://openalex.org/W2094909776; https://openalex.org/W2104126268; https://openalex.org/W2144187685; https://openalex.org/W2326361650; https://openalex.org/W2327805699; https://openalex.org/W2340254858; https://openalex.org/W2532505703; https://openalex.org/W2573400738; https://openalex.org/W2582561810; https://openalex.org/W2585682652; https://openalex.org/W2740887992; https://openalex.org/W2759690420; https://openalex.org/W2791597950; https://openalex.org/W2802696618; https://openalex.org/W2842153692; https://openalex.org/W2874803101; https://openalex.org/W2889127731; https://openalex.org/W2896457183; https://openalex.org/W2950782805; https://openalex.org/W2964267254; https://openalex.org/W2965373594; https://openalex.org/W2970641574; https://openalex.org/W2979666134; https://openalex.org/W3011707786; https://openalex.org/W3012855414; https://openalex.org/W3014939058; https://openalex.org/W3094715006; https://openalex.org/W3103784690; https://openalex.org/W3154048149; https://openalex.org/W3157905252; https://openalex.org/W3164357535; https://openalex.org/W3167254174; https://openalex.org/W3175973106; https://openalex.org/W3195619710; https://openalex.org/W4280630057; https://openalex.org/W4287331254; https://openalex.org/W4288333752; https://openalex.org/W4297853527,https://openalex.org/W2965892119; https://openalex.org/W3189036019; https://openalex.org/W3123017387; https://openalex.org/W3197131596; https://openalex.org/W4390616380; https://openalex.org/W4388666321; https://openalex.org/W2914617016; https://openalex.org/W4205914924; https://openalex.org/W4225301003; https://openalex.org/W4220949352,15.0,not_found_papers_enriched.csv
Inductive Representation Learning on Large Graphs,Inductive Representation Learning on Large Graphs.pdf,https://doi.org/10.48550/arxiv.1706.02216,2017.0,arXiv (Cornell University),"Low-dimensional embeddings of nodes in large graphs have proved extremely useful in a variety of prediction tasks, from content recommendation to identifying protein functions. However, most existing approaches require that all nodes in the graph are present during training of the embeddings; these previous approaches are inherently transductive and do not naturally generalize to unseen nodes. Here we present GraphSAGE, a general, inductive framework that leverages node feature information (e.g., text attributes) to efficiently generate node embeddings for previously unseen data. Instead of training individual embeddings for each node, we learn a function that generates embeddings by sampling and aggregating features from a node's local neighborhood. Our algorithm outperforms strong baselines on three inductive node-classification benchmarks: we classify the category of unseen nodes in evolving information graphs based on citation and Reddit post data, and we show that our algorithm generalizes to completely unseen graphs using a multi-graph dataset of protein-protein interactions.",Computer science; Node (physics); Feature learning; Graph; Representation (politics); Theoretical computer science; Variety (cybernetics); Feature (linguistics); Artificial intelligence; Machine learning,William L. Hamilton; Rex Ying; Jure Leskovec,Bioinformatics and Genomic Networks,Molecular Biology,"Biochemistry, Genetics and Molecular Biology",Life Sciences,https://openalex.org/W168564468; https://openalex.org/W1501856433; https://openalex.org/W1854214752; https://openalex.org/W1988115241; https://openalex.org/W2002664886; https://openalex.org/W2064675550; https://openalex.org/W2090891622; https://openalex.org/W2101234009; https://openalex.org/W2112090702; https://openalex.org/W2116341502; https://openalex.org/W2125031621; https://openalex.org/W2130410032; https://openalex.org/W2165874743; https://openalex.org/W2271840356; https://openalex.org/W2302255633; https://openalex.org/W2393319904; https://openalex.org/W2406128552; https://openalex.org/W2416513196; https://openalex.org/W2554952599; https://openalex.org/W2560609797; https://openalex.org/W2604942799; https://openalex.org/W2612759981; https://openalex.org/W2752172973; https://openalex.org/W2790814121; https://openalex.org/W2950133940; https://openalex.org/W2950191616; https://openalex.org/W2950898568; https://openalex.org/W2962756421; https://openalex.org/W2963312446; https://openalex.org/W2964121744; https://openalex.org/W2964311892; https://openalex.org/W2964321699; https://openalex.org/W3104097132; https://openalex.org/W3105705953,https://openalex.org/W4210257598; https://openalex.org/W3105705953; https://openalex.org/W3104097132; https://openalex.org/W3100848837; https://openalex.org/W2964321699; https://openalex.org/W2964311892; https://openalex.org/W2964121744; https://openalex.org/W2963858333; https://openalex.org/W2963403868; https://openalex.org/W2962756421; https://openalex.org/W2962711740; https://openalex.org/W2952254971; https://openalex.org/W2811124557; https://openalex.org/W2604314403; https://openalex.org/W2554952599; https://openalex.org/W2519887557; https://openalex.org/W2393319904; https://openalex.org/W2194775991; https://openalex.org/W2153959628; https://openalex.org/W2116341502,4534.0,not_found_papers_enriched.csv
Instantiations and Computational Aspects of Non-Flat Assumption-based Argumentation,Instantiations and Computational Aspects of Non-Flat Assumption-based Argumentation.pdf,https://doi.org/10.48550/arxiv.2404.11431,2024.0,arXiv (Cornell University),"Most existing computational tools for assumption-based argumentation (ABA) focus on so-called flat frameworks, disregarding the more general case. In this paper, we study an instantiation-based approach for reasoning in possibly non-flat ABA. We make use of a semantics-preserving translation between ABA and bipolar argumentation frameworks (BAFs). By utilizing compilability theory, we establish that the constructed BAFs will in general be of exponential size. In order to keep the number of arguments and computational cost low, we present three ways of identifying redundant arguments. Moreover, we identify fragments of ABA which admit a poly-sized instantiation. We propose two algorithmic approaches for reasoning in possibly non-flat ABA. The first approach utilizes the BAF instantiation while the second works directly without constructing arguments. An empirical evaluation shows that the former outperforms the latter on many instances, reflecting the lower complexity of BAF reasoning. This result is in contrast to flat ABA, where direct approaches dominate instantiation-based approaches.",Argumentation theory; Computer science; Epistemology; Mathematical economics; Management science; Econometrics; Mathematics; Economics; Philosophy,Tuomo Lehtonen; Anna Rapberger; Francesca Toni; Markus Ulbricht; Johannes Wallner,Multi-Agent Systems and Negotiation,Artificial Intelligence,Computer Science,Physical Sciences,,https://openalex.org/W2141332034; https://openalex.org/W4256185029; https://openalex.org/W4388437769; https://openalex.org/W2762454042; https://openalex.org/W2064153856; https://openalex.org/W2337488240; https://openalex.org/W4391098513; https://openalex.org/W2810654249; https://openalex.org/W1493131192; https://openalex.org/W4321509371,0.0,not_found_papers_enriched.csv
Modular Logic Argumentation in Arg-tuProlog,Modular Logic Argumentation in Arg-tuProlog.pdf,https://doi.org/10.3233/faia200880,2020.0,Frontiers in artificial intelligence and applications,"Private international law (PIL) addresses overlaps and conflicts between legal systems by distributing cases between the authorities of such systems (jurisdiction) and establishing what rules these authorities have to apply to each case(choice of law). A modular argumentation tool, Arg-tuProlog, is here presented that enables reasoning with rules and interpretations of multiple legal systems.",Argumentation theory; Modular design; Jurisdiction; Computer science; Political science; Choice of law; Law; Law and economics; Epistemology; Sociology; Programming language; Philosophy,Roberta Calegari; Giuseppe Contissa; Giuseppe Pisano; Galileo Sartor; Giovanni Sartor,Multi-Agent Systems and Negotiation,Artificial Intelligence,Computer Science,Physical Sciences,https://openalex.org/W2021098172; https://openalex.org/W3095625280,https://openalex.org/W2141332034; https://openalex.org/W4256185029; https://openalex.org/W4388437769; https://openalex.org/W2151983326; https://openalex.org/W4253196769; https://openalex.org/W427046471; https://openalex.org/W167590243; https://openalex.org/W2883408894; https://openalex.org/W4229878599; https://openalex.org/W2980908302,5.0,not_found_papers_enriched.csv
Monotonic and Nonmonotonic Inference for Abstract Argumentation,Monotonic and Nonmonotonic Inference for Abstract Argumentation.pdf,,2013.0,Open Repository and Bibliography (University of Luxembourg),International audience,Monotonic function; Inference; Counterfactual thinking; Argumentation theory; Computer science; Semantics (computer science); Non-monotonic logic; Relation (database); Artificial intelligence; Function (biology); Theoretical computer science; Outcome (game theory); Type (biology); Mathematics; Natural language processing; Programming language; Mathematical economics; Epistemology; Data mining,Richard Booth; Souhila Kaci; Tjitze Rienstra; Leendert van der Torre,Multi-Agent Systems and Negotiation,Artificial Intelligence,Computer Science,Physical Sciences,https://openalex.org/W421928725; https://openalex.org/W1519024439; https://openalex.org/W1576771044; https://openalex.org/W1903103834; https://openalex.org/W2003822553; https://openalex.org/W2021415177; https://openalex.org/W2037950528; https://openalex.org/W2039594639; https://openalex.org/W2080142817; https://openalex.org/W2081641685; https://openalex.org/W2104126268; https://openalex.org/W2129730018; https://openalex.org/W2129829265; https://openalex.org/W2626502158,https://openalex.org/W2124397686; https://openalex.org/W1504340090; https://openalex.org/W1581384476; https://openalex.org/W1497274966; https://openalex.org/W1608781689; https://openalex.org/W2132730156; https://openalex.org/W1604255204; https://openalex.org/W190590315; https://openalex.org/W2963934537; https://openalex.org/W942747912; https://openalex.org/W299830133; https://openalex.org/W2599244842; https://openalex.org/W2176458000; https://openalex.org/W2548211066; https://openalex.org/W2006784674; https://openalex.org/W2971396521; https://openalex.org/W2065153879; https://openalex.org/W1499080085; https://openalex.org/W2040919512; https://openalex.org/W2143133577,3.0,not_found_papers_enriched.csv
Neural Networks or Linguistic Features - Comparing Different Machine-Learning Approaches for Automated Assessment of Text Quality Traits Among L1- and L2-Learners' Argumentative Essays,Neural Networks or Linguistic Features - Comparing Different Machine-Learning Approaches for Automated Assessment of Text Quality Traits Among L1- and L2-Learners' Argumentative Essays.pdf,https://doi.org/10.1007/s40593-024-00426-w,2024.0,International Journal of Artificial Intelligence in Education,,Computer science; Trait; Feature (linguistics); Artificial intelligence; Natural language processing; Machine learning; Feature engineering; Quality (philosophy); Language model; Deep learning; Linguistics,Julian F. Lohmann; Fynn Junge; Jens Møller; Johanna Fleckenstein; Ruth Trüb; Stefan Keller; Thorben Jansen; Andrea Horbach,Text Readability and Simplification,Artificial Intelligence,Computer Science,Physical Sciences,https://openalex.org/W257661379; https://openalex.org/W657332045; https://openalex.org/W1413081681; https://openalex.org/W1536274117; https://openalex.org/W1596418779; https://openalex.org/W1954968711; https://openalex.org/W1963558974; https://openalex.org/W2019416425; https://openalex.org/W2037789405; https://openalex.org/W2060423038; https://openalex.org/W2080814330; https://openalex.org/W2117373735; https://openalex.org/W2250290162; https://openalex.org/W2288522452; https://openalex.org/W2295056205; https://openalex.org/W2347007084; https://openalex.org/W2374022468; https://openalex.org/W2406501289; https://openalex.org/W2440757793; https://openalex.org/W2462956076; https://openalex.org/W2508346512; https://openalex.org/W2567547739; https://openalex.org/W2735743598; https://openalex.org/W2758067238; https://openalex.org/W2785871937; https://openalex.org/W2803763037; https://openalex.org/W2806323116; https://openalex.org/W2886326288; https://openalex.org/W2889765309; https://openalex.org/W2914120296; https://openalex.org/W2922211092; https://openalex.org/W2955427418; https://openalex.org/W2964413085; https://openalex.org/W2970597249; https://openalex.org/W2970811405; https://openalex.org/W2979629418; https://openalex.org/W2982622292; https://openalex.org/W2986839843; https://openalex.org/W2992320904; https://openalex.org/W2999105704; https://openalex.org/W3006224918; https://openalex.org/W3037207300; https://openalex.org/W3037797173; https://openalex.org/W3038362714; https://openalex.org/W3087421864; https://openalex.org/W3087925949; https://openalex.org/W3095483082; https://openalex.org/W3096367574; https://openalex.org/W3098654368; https://openalex.org/W3114208363; https://openalex.org/W3117359318; https://openalex.org/W3118820303; https://openalex.org/W3120384685; https://openalex.org/W3170037077; https://openalex.org/W3193704761; https://openalex.org/W3196589716; https://openalex.org/W3201077663; https://openalex.org/W3209655980; https://openalex.org/W3216581565; https://openalex.org/W4280611959; https://openalex.org/W4285097737; https://openalex.org/W4287891043; https://openalex.org/W4288088047; https://openalex.org/W4288104672; https://openalex.org/W4296492356; https://openalex.org/W4310123629; https://openalex.org/W4313410276; https://openalex.org/W4319309673; https://openalex.org/W4366403195; https://openalex.org/W4383180932; https://openalex.org/W4385245566; https://openalex.org/W4385572572; https://openalex.org/W4390946149; https://openalex.org/W4400985672; https://openalex.org/W6674385629,https://openalex.org/W4375867731; https://openalex.org/W2477995101; https://openalex.org/W2750075801; https://openalex.org/W3164948662; https://openalex.org/W4400413234; https://openalex.org/W3153597579; https://openalex.org/W3034267371; https://openalex.org/W4385336128; https://openalex.org/W4394398790; https://openalex.org/W4399455186,2.0,not_found_papers_enriched.csv
On Learning Bipolar Gradual Argumentation Semantics with Neural Networks,On Learning Bipolar Gradual Argumentation Semantics with Neural Networks.pdf,https://doi.org/10.5220/0012448300003636,2024.0,,International audience,Argumentation theory; Computer science; Semantics (computer science); Artificial intelligence; Theoretical computer science; Graph; Artificial neural network; Benchmark (surveying); Machine learning; Natural language processing; Programming language,Caren Al Anaissy; Sandeep Suntwal; Mihai Surdeanu; Srdjan Vesić,Software Engineering Research,Information Systems,Computer Science,Physical Sciences,https://openalex.org/W119312837; https://openalex.org/W1501856433; https://openalex.org/W1578957392; https://openalex.org/W1874138657; https://openalex.org/W2034735942; https://openalex.org/W2079883067; https://openalex.org/W2094909776; https://openalex.org/W2104126268; https://openalex.org/W2112796928; https://openalex.org/W2116341502; https://openalex.org/W2147067422; https://openalex.org/W2524556227; https://openalex.org/W2884913901; https://openalex.org/W2899320128; https://openalex.org/W2945667586; https://openalex.org/W2963587345; https://openalex.org/W2964015378; https://openalex.org/W2994561262; https://openalex.org/W3103956734; https://openalex.org/W3175495812; https://openalex.org/W4229554797; https://openalex.org/W4239181501; https://openalex.org/W4297733535; https://openalex.org/W4298169422; https://openalex.org/W4300343529; https://openalex.org/W4360836968; https://openalex.org/W4365601249,https://openalex.org/W4256185029; https://openalex.org/W2141332034; https://openalex.org/W4388437769; https://openalex.org/W2762454042; https://openalex.org/W2064153856; https://openalex.org/W2337488240; https://openalex.org/W52290235; https://openalex.org/W3007362904; https://openalex.org/W3205626777; https://openalex.org/W2980516505,1.0,not_found_papers_enriched.csv
On Properties and Complexity of Incomplete Argumentation Framework,On Properties and Complexity of Incomplete Argumentation Framework.pdf,https://doi.org/10.1609/aaai.v36i5.20483,2022.0,Proceedings of the AAAI Conference on Artificial Intelligence,"Dung’s Argumentation Framework (AF) has been extended in several directions, including the possibility of representing unquantified uncertainty about the existence of arguments and attacks. The framework resulting from such an extension is called incomplete AF (iAF). In this paper, we first introduce three new satisfaction problems named totality, determinism and functionality, and investigate their computational complexity for both AF and iAF under several semantics. We also investigate the complexity of credulous and skeptical acceptance in iAF under semi-stable semantics—a problem left open in the literature. We then show that any iAF can be rewritten into an equivalent one where either only (unattacked) arguments or only attacks are uncertain. Finally, we relate iAF to probabilistic argumentation framework, where uncertainty is quantified.",Argumentation theory; Skepticism; Semantics (computer science); Probabilistic logic; Argumentation framework; Computer science; Determinism; Theoretical computer science; Extension (predicate logic); Epistemology; Mathematics; Artificial intelligence; Programming language; Philosophy,Gianvincenzo Alfano; Sergio Greco; Francesco Parisi; Irina Trubitsyna,Multi-Agent Systems and Negotiation,Artificial Intelligence,Computer Science,Physical Sciences,https://openalex.org/W56018079; https://openalex.org/W72493644; https://openalex.org/W93164194; https://openalex.org/W176373453; https://openalex.org/W1486709607; https://openalex.org/W1578957392; https://openalex.org/W1580831651; https://openalex.org/W1772815481; https://openalex.org/W1961668815; https://openalex.org/W1965296062; https://openalex.org/W2006912660; https://openalex.org/W2023831180; https://openalex.org/W2049248401; https://openalex.org/W2052767733; https://openalex.org/W2071122890; https://openalex.org/W2086051680; https://openalex.org/W2104126268; https://openalex.org/W2121835362; https://openalex.org/W2207251955; https://openalex.org/W2238009370; https://openalex.org/W2262675902; https://openalex.org/W2293504531; https://openalex.org/W2400192453; https://openalex.org/W2543048251; https://openalex.org/W2571697109; https://openalex.org/W2741592075; https://openalex.org/W2787917923; https://openalex.org/W2812194662; https://openalex.org/W2816362554; https://openalex.org/W2885218246; https://openalex.org/W2893801333; https://openalex.org/W2894412276; https://openalex.org/W2897805537; https://openalex.org/W2899115337; https://openalex.org/W2900754604; https://openalex.org/W2914736422; https://openalex.org/W2914750587; https://openalex.org/W2964590547; https://openalex.org/W2995415950; https://openalex.org/W3034456971; https://openalex.org/W3035193960; https://openalex.org/W3080680844; https://openalex.org/W3090024527; https://openalex.org/W3090584848; https://openalex.org/W3091437844; https://openalex.org/W3120375738; https://openalex.org/W3126150892; https://openalex.org/W3136491122; https://openalex.org/W3158314322; https://openalex.org/W3174156013; https://openalex.org/W3174885442; https://openalex.org/W3178176274; https://openalex.org/W3201188833; https://openalex.org/W4213009134; https://openalex.org/W6602973382; https://openalex.org/W6603756535; https://openalex.org/W6628970345; https://openalex.org/W6634636385; https://openalex.org/W6636768363; https://openalex.org/W6638144111; https://openalex.org/W6641265060; https://openalex.org/W6651768176; https://openalex.org/W6662625477; https://openalex.org/W6668155572; https://openalex.org/W6677920965; https://openalex.org/W6697447116; https://openalex.org/W6748606165; https://openalex.org/W6903692195; https://openalex.org/W6990023262,https://openalex.org/W124110387; https://openalex.org/W3216091191; https://openalex.org/W2052903087; https://openalex.org/W47899866; https://openalex.org/W1560931420; https://openalex.org/W2065807231; https://openalex.org/W2050214921; https://openalex.org/W52290235; https://openalex.org/W1592101477; https://openalex.org/W1975845914,18.0,not_found_papers_enriched.csv
On principle-based evaluation of extension-based argumentation semantics,On principle-based evaluation of extension-based argumentation semantics.pdf,https://doi.org/10.1016/j.artint.2007.04.004,2007.0,Artificial Intelligence,,Argumentation theory; Argumentation framework; Semantics (computer science); Extension (predicate logic); Context (archaeology); Skepticism; Computer science; Formal semantics (linguistics); Well-founded semantics; Variety (cybernetics); Operational semantics; Set (abstract data type); Stable model semantics; Action semantics; Theoretical computer science; Denotational semantics; Artificial intelligence; Natural language processing; Programming language; Epistemology,Pietro Baroni; Massimiliano Giacomin,Multi-Agent Systems and Negotiation,Artificial Intelligence,Computer Science,Physical Sciences,https://openalex.org/W84394265; https://openalex.org/W118884479; https://openalex.org/W151765464; https://openalex.org/W1497356603; https://openalex.org/W1501071365; https://openalex.org/W1502733981; https://openalex.org/W1528187577; https://openalex.org/W1535357520; https://openalex.org/W1580355372; https://openalex.org/W1626176828; https://openalex.org/W1655919500; https://openalex.org/W2003017965; https://openalex.org/W2021415177; https://openalex.org/W2029665446; https://openalex.org/W2102451699; https://openalex.org/W2104126268; https://openalex.org/W2112029595; https://openalex.org/W2116246756; https://openalex.org/W2118090719; https://openalex.org/W2129829265; https://openalex.org/W2153371282; https://openalex.org/W2155322595; https://openalex.org/W2171853123; https://openalex.org/W2913225353; https://openalex.org/W4245799227; https://openalex.org/W4299478930; https://openalex.org/W6603441743; https://openalex.org/W6604811339; https://openalex.org/W6606251876; https://openalex.org/W6630152125; https://openalex.org/W6631363583; https://openalex.org/W6631839077; https://openalex.org/W6634753482; https://openalex.org/W6636768363; https://openalex.org/W6676860601; https://openalex.org/W6679288028; https://openalex.org/W6679512829; https://openalex.org/W6682803361; https://openalex.org/W6759044644,https://openalex.org/W91938043; https://openalex.org/W2348616540; https://openalex.org/W1975908952; https://openalex.org/W1988438613; https://openalex.org/W2066556632; https://openalex.org/W2017152877; https://openalex.org/W2081930115; https://openalex.org/W1564757635; https://openalex.org/W4376854090; https://openalex.org/W2399019821,305.0,not_found_papers_enriched.csv
On the Complexity of Enumerating the Extensions of Abstract Argumentation Frameworks,On the Complexity of Enumerating the Extensions of Abstract Argumentation Frameworks.pdf,https://doi.org/10.24963/ijcai.2017/159,2017.0,,"Several computational problems of abstract argumentation frameworks (AFs) such as skeptical and credulous reasoning, existence of a non-empty extension, verification, etc. have been thoroughly analyzed for various semantics. In contrast, the enumeration problem of AFs (i.e., the problem of computing all extensions according to some semantics) has been left unexplored so far. The goal of this paper is to fill this gap. We thus investigate the enumeration complexity of AFs for a large collection of semantics and, in addition, consider the most common structural restrictions on AFs.",Argumentation theory; Semantics (computer science); Skepticism; Enumeration; Extension (predicate logic); Computer science; Theoretical computer science; Computational complexity theory; Operational semantics; Programming language; Mathematics; Algorithm; Discrete mathematics; Epistemology; Philosophy,Markus Kröll; Reinhard Pichler; Stefan Woltran,Multi-Agent Systems and Negotiation,Artificial Intelligence,Computer Science,Physical Sciences,https://openalex.org/W64796752; https://openalex.org/W157911545; https://openalex.org/W171356959; https://openalex.org/W629879141; https://openalex.org/W1497356603; https://openalex.org/W1534951987; https://openalex.org/W1536830218; https://openalex.org/W1573632260; https://openalex.org/W1578957392; https://openalex.org/W1590977969; https://openalex.org/W1819973606; https://openalex.org/W1875482477; https://openalex.org/W1975303601; https://openalex.org/W1984290203; https://openalex.org/W1985598531; https://openalex.org/W1989896818; https://openalex.org/W2007940874; https://openalex.org/W2011844594; https://openalex.org/W2015899729; https://openalex.org/W2035037959; https://openalex.org/W2039594639; https://openalex.org/W2041198634; https://openalex.org/W2046652577; https://openalex.org/W2093924042; https://openalex.org/W2100875224; https://openalex.org/W2104126268; https://openalex.org/W2112029595; https://openalex.org/W2113541171; https://openalex.org/W2121835362; https://openalex.org/W2142128975; https://openalex.org/W2149567024; https://openalex.org/W2167510274; https://openalex.org/W2215868778; https://openalex.org/W2320759892; https://openalex.org/W2346099666; https://openalex.org/W2748846180; https://openalex.org/W2914039150; https://openalex.org/W4255471579,https://openalex.org/W108845024; https://openalex.org/W2406961474; https://openalex.org/W4300125793; https://openalex.org/W2578985712; https://openalex.org/W2952598754; https://openalex.org/W3042106073; https://openalex.org/W2143566611; https://openalex.org/W4251460363; https://openalex.org/W588267724; https://openalex.org/W2057205169,32.0,not_found_papers_enriched.csv
On the graded acceptability of arguments in abstract and instantiated argumentation,On the graded acceptability of arguments in abstract and instantiated argumentation.pdf,https://doi.org/10.1016/j.artint.2019.05.001,2019.0,Artificial Intelligence,,Argumentation theory; Argument (complex analysis); Argumentation framework; Generalization; Semantics (computer science); Ranking (information retrieval); Context (archaeology); Computer science; Formal semantics (linguistics); Epistemology; Theoretical computer science; Artificial intelligence; Programming language; Philosophy,Davide Grossi; Sanjay Modgil,Multi-Agent Systems and Negotiation,Artificial Intelligence,Computer Science,Physical Sciences,https://openalex.org/W14006711; https://openalex.org/W36665044; https://openalex.org/W157848010; https://openalex.org/W1482673721; https://openalex.org/W1534361892; https://openalex.org/W1772815481; https://openalex.org/W1825730661; https://openalex.org/W1966873207; https://openalex.org/W1968567610; https://openalex.org/W1975212397; https://openalex.org/W1975303601; https://openalex.org/W2006559750; https://openalex.org/W2010366788; https://openalex.org/W2015899729; https://openalex.org/W2039020269; https://openalex.org/W2045422233; https://openalex.org/W2071122890; https://openalex.org/W2075002200; https://openalex.org/W2075834747; https://openalex.org/W2088166168; https://openalex.org/W2104126268; https://openalex.org/W2106089104; https://openalex.org/W2106536319; https://openalex.org/W2109955529; https://openalex.org/W2116246756; https://openalex.org/W2121835362; https://openalex.org/W2123302123; https://openalex.org/W2142350242; https://openalex.org/W2154849078; https://openalex.org/W2160547131; https://openalex.org/W2171853123; https://openalex.org/W2249168209; https://openalex.org/W2301749907; https://openalex.org/W2468760622; https://openalex.org/W2572125165; https://openalex.org/W2575397666; https://openalex.org/W2749922657; https://openalex.org/W2808668410; https://openalex.org/W2950345894; https://openalex.org/W4256682192; https://openalex.org/W6600591275; https://openalex.org/W6601531622; https://openalex.org/W6605830852; https://openalex.org/W6606363322; https://openalex.org/W6615802430; https://openalex.org/W6628835485; https://openalex.org/W6631835729; https://openalex.org/W6636124301; https://openalex.org/W6642348711; https://openalex.org/W6678382177; https://openalex.org/W6691713564; https://openalex.org/W6693422437; https://openalex.org/W6697575532; https://openalex.org/W6720624399; https://openalex.org/W6731834062; https://openalex.org/W6739876936; https://openalex.org/W6750432481; https://openalex.org/W6754923793; https://openalex.org/W6755351862; https://openalex.org/W6981902861,https://openalex.org/W2964102591; https://openalex.org/W2125018333; https://openalex.org/W2394754640; https://openalex.org/W2241016855; https://openalex.org/W2289650519; https://openalex.org/W2741878421; https://openalex.org/W2898539844; https://openalex.org/W2312209207; https://openalex.org/W2485166179; https://openalex.org/W110291695; https://openalex.org/W3176978687; https://openalex.org/W2405984765; https://openalex.org/W3035546558; https://openalex.org/W2481233618; https://openalex.org/W2904942770; https://openalex.org/W2201998628; https://openalex.org/W1860436951; https://openalex.org/W2990692159; https://openalex.org/W2952174649; https://openalex.org/W2891074282,2.0,not_found_papers_enriched.csv
Preference-based argumentation Arguments supporting multiple values,Preference-based argumentation Arguments supporting multiple values.pdf,https://doi.org/10.1016/j.ijar.2007.07.005,2007.0,International Journal of Approximate Reasoning,,Argumentation theory; Preference; Argument (complex analysis); Construct (python library); Certainty; Value (mathematics); Extension (predicate logic); Mathematical economics; Order (exchange); Mathematics; Computer science; Epistemology; Machine learning; Statistics; Economics; Philosophy,Souhila Kaci; Leendert van der Torre,Multi-Agent Systems and Negotiation,Artificial Intelligence,Computer Science,Physical Sciences,https://openalex.org/W45576761; https://openalex.org/W86957071; https://openalex.org/W157110533; https://openalex.org/W1499898269; https://openalex.org/W1503672036; https://openalex.org/W1602796727; https://openalex.org/W1836134587; https://openalex.org/W1875482477; https://openalex.org/W2040149775; https://openalex.org/W2069176561; https://openalex.org/W2075805052; https://openalex.org/W2100717697; https://openalex.org/W2104126268; https://openalex.org/W2107316243; https://openalex.org/W2116246756; https://openalex.org/W2116248449; https://openalex.org/W2117781069; https://openalex.org/W2131795851; https://openalex.org/W2143336154; https://openalex.org/W2156092566; https://openalex.org/W2171749641; https://openalex.org/W2402164117; https://openalex.org/W2496775934; https://openalex.org/W4301434429; https://openalex.org/W6630969749; https://openalex.org/W6633162894; https://openalex.org/W6636150350; https://openalex.org/W6641471636; https://openalex.org/W6678725776; https://openalex.org/W6681661526,https://openalex.org/W2511305084; https://openalex.org/W2077815492; https://openalex.org/W3036391810; https://openalex.org/W3125673773; https://openalex.org/W3123591583; https://openalex.org/W2162270815; https://openalex.org/W3200619217; https://openalex.org/W4255801263; https://openalex.org/W2373713487; https://openalex.org/W3097817567,97.0,not_found_papers_enriched.csv
Probabilistic Argumentation with Epistemic Extensions,Probabilistic Argumentation with Epistemic Extensions.pdf,,2014.0,,"Abstract. Abstract argumentation offers an appealing way of representing and evaluating arguments and counterarguments. This approach can be enhanced by a probability assignment to each argument. There are various interpretations that can be ascribed to this assignment. In this paper, we regard the assignment as denoting the belief that an agent has that an argument is justifiable, i. e., that both the premises of the argument and the derivation of the claim of the argument from its premises are valid. This leads to the notion of an epistemic extension which is the subset of the arguments in the graph that are believed to some degree (which we defined as the arguments that have a probability assignment greater than 0.5). We consider various constraints on the probability assignment. Some constraints correspond to standard notions of extensions, such as grounded or stable extensions, and some constraints give us new kinds of extensions. 1",Argumentation theory; Argument (complex analysis); Probabilistic logic; Probabilistic argumentation; Extension (predicate logic); Epistemology; Mathematics; Mathematical economics; Computer science; Philosophy,Anthony Hunter; Matthias Thimm,Multi-Agent Systems and Negotiation,Artificial Intelligence,Computer Science,Physical Sciences,https://openalex.org/W176373453; https://openalex.org/W1580324013; https://openalex.org/W1772815481; https://openalex.org/W2003822553; https://openalex.org/W2078438690; https://openalex.org/W2104126268; https://openalex.org/W2301749907; https://openalex.org/W2400192453; https://openalex.org/W2402845522; https://openalex.org/W2405720308; https://openalex.org/W3005690185,https://openalex.org/W2104126268; https://openalex.org/W2078438690; https://openalex.org/W2405720308; https://openalex.org/W2187044871; https://openalex.org/W1772815481; https://openalex.org/W2404949192; https://openalex.org/W2400192453; https://openalex.org/W1913181217; https://openalex.org/W176373453; https://openalex.org/W2971611732; https://openalex.org/W171772552; https://openalex.org/W2238009370; https://openalex.org/W2093175891; https://openalex.org/W1965296062; https://openalex.org/W2157731917; https://openalex.org/W2207251955; https://openalex.org/W2167497429; https://openalex.org/W2115268056; https://openalex.org/W1580831651; https://openalex.org/W2187895693,10.0,not_found_papers_enriched.csv
Ranking-based semantics for argumentation frameworks,Ranking-based semantics for argumentation frameworks.pdf,https://doi.org/10.1007/978-3-642-40381-1_11,2013.0,Lecture notes in computer science,,Computer science; Semantics (computer science); Argumentation theory; Argument (complex analysis); Ranking (information retrieval); Well-founded semantics; Set (abstract data type); Rank (graph theory); Operational semantics; Construct (python library); Theoretical computer science; Argumentation framework; Proof-theoretic semantics; Action semantics; Programming language; Denotational semantics; Artificial intelligence; Mathematics; Epistemology,Leïla Amgoud; Jonathan Ben-Naim,Multi-Agent Systems and Negotiation,Artificial Intelligence,Computer Science,Physical Sciences,https://openalex.org/W1965296062; https://openalex.org/W2054530127; https://openalex.org/W2104126268; https://openalex.org/W2109955529; https://openalex.org/W2112029595; https://openalex.org/W2118090719; https://openalex.org/W2159569510; https://openalex.org/W2160547131,https://openalex.org/W2109790275; https://openalex.org/W91938043; https://openalex.org/W3007870257; https://openalex.org/W2048735591; https://openalex.org/W2320759892; https://openalex.org/W30461449; https://openalex.org/W1781980687; https://openalex.org/W3129725704; https://openalex.org/W2081930115; https://openalex.org/W1976146918,137.0,not_found_papers_enriched.csv
Stability equivalence among stochastic differential equations and stochastic differential equations with piecewise continuous arguments and corresponding Euler-Maruyama methods,Stability equivalence among stochastic differential equations and stochastic differential equations with piecewise continuous arguments and corresponding Euler-Maruyama methods.pdf,https://doi.org/10.1016/j.amc.2020.125813,2021.0,Applied Mathematics and Computation,,Mathematics; Stochastic differential equation; Lipschitz continuity; Piecewise; Mathematical analysis; Moment (physics); Exponential stability; Differential equation; Equivalence (formal languages); Applied mathematics; Nonlinear system; Pure mathematics; Physics,Minghui Song; Yidan Geng Yidan Geng; Ming-Zhu Liu,Stochastic processes and financial applications,Finance,"Economics, Econometrics and Finance",Social Sciences,https://openalex.org/W194549626; https://openalex.org/W592485236; https://openalex.org/W612172734; https://openalex.org/W658561436; https://openalex.org/W1483382787; https://openalex.org/W1494628843; https://openalex.org/W1575104486; https://openalex.org/W1579485993; https://openalex.org/W1639879014; https://openalex.org/W1964221133; https://openalex.org/W1975417422; https://openalex.org/W1978275259; https://openalex.org/W1983097489; https://openalex.org/W1986684749; https://openalex.org/W2000522534; https://openalex.org/W2003192055; https://openalex.org/W2043079521; https://openalex.org/W2043241145; https://openalex.org/W2051212416; https://openalex.org/W2088070062; https://openalex.org/W2096710166; https://openalex.org/W2104659821; https://openalex.org/W2118544404; https://openalex.org/W2131189822; https://openalex.org/W2137519698; https://openalex.org/W2141436719; https://openalex.org/W2144375835; https://openalex.org/W2148472611; https://openalex.org/W2168111113; https://openalex.org/W2474875956; https://openalex.org/W2507750056; https://openalex.org/W2597700339; https://openalex.org/W2636341849; https://openalex.org/W2766861893; https://openalex.org/W2793551052; https://openalex.org/W2794202721; https://openalex.org/W2794748126; https://openalex.org/W2799664482; https://openalex.org/W2809233765; https://openalex.org/W2943876974; https://openalex.org/W2944639779; https://openalex.org/W3101471540; https://openalex.org/W4231021340; https://openalex.org/W4240399370; https://openalex.org/W6752736032,https://openalex.org/W3185235544; https://openalex.org/W2911623553; https://openalex.org/W4297791327; https://openalex.org/W2897842840; https://openalex.org/W2397777611; https://openalex.org/W1502031429; https://openalex.org/W2417585376; https://openalex.org/W1994157709; https://openalex.org/W2570224107; https://openalex.org/W2080426547,5.0,not_found_papers_enriched.csv
Strong convergence and exponential stability of stochastic differential equations with piecewise continuous arguments for non-globally Lipschitz continuous coefficients,Strong convergence and exponential stability of stochastic differential equations with piecewise continuous arguments for non-globally Lipschitz continuous coefficients.pdf,https://doi.org/10.1016/j.amc.2018.08.037,2018.0,Applied Mathematics and Computation,,Lipschitz continuity; Mathematics; Piecewise; Exponential stability; Convergence (economics); Exponential function; Stochastic differential equation; Applied mathematics; Stability (learning theory); Differential equation; Mathematical analysis; Exponential growth; Nonlinear system; Computer science,Huizi Yang; Minghui Song; Ming-Zhu Liu,Stochastic processes and financial applications,Finance,"Economics, Econometrics and Finance",Social Sciences,https://openalex.org/W1964221133; https://openalex.org/W1975417422; https://openalex.org/W1981041832; https://openalex.org/W1983176089; https://openalex.org/W1987022525; https://openalex.org/W2008117223; https://openalex.org/W2012313787; https://openalex.org/W2054482928; https://openalex.org/W2070845660; https://openalex.org/W2074126939; https://openalex.org/W2096710166; https://openalex.org/W2303405167; https://openalex.org/W2320496628; https://openalex.org/W3101256565; https://openalex.org/W6663648238; https://openalex.org/W6698569949,https://openalex.org/W1504912364; https://openalex.org/W1671909755; https://openalex.org/W2570224107; https://openalex.org/W2151791215; https://openalex.org/W2005786916; https://openalex.org/W2080426547; https://openalex.org/W2756324413; https://openalex.org/W2382290128; https://openalex.org/W2379495416; https://openalex.org/W1996632312,8.0,not_found_papers_enriched.csv
Structured argumentation with prioritized conditional obligations and permissions,Structured argumentation with prioritized conditional obligations and permissions.pdf,https://doi.org/10.1093/logcom/exy005,2018.0,Journal of Logic and Computation,"We present a formal argumentation system for dealing with the detachment of prioritized conditional obligations and permissions. In the presence of facts and constraints, we answer the question whether an unconditional obligation or permission is detachable by considering arguments for and against its detachment. For the evaluation of arguments in favour of detachment, we use a Dung-style argumentation-theoretical semantics. We illustrate how violations and contrary-to-duty scenarios are dealt with in our framework and pay special attention to conflict-resolution via priorities.",Argumentation theory; Obligation; Permission; Computer science; Resolution (logic); Duty; Semantics (computer science); Epistemology; Law; Political science; Artificial intelligence; Programming language; Philosophy,Mathieu Beirlaen; Jesse Heyninck; Christian Straßer,Multi-Agent Systems and Negotiation,Artificial Intelligence,Computer Science,Physical Sciences,https://openalex.org/W76565479; https://openalex.org/W102060495; https://openalex.org/W119088089; https://openalex.org/W1489037541; https://openalex.org/W1529776299; https://openalex.org/W1568454198; https://openalex.org/W1941722721; https://openalex.org/W1965324703; https://openalex.org/W2006112194; https://openalex.org/W2006559750; https://openalex.org/W2008443647; https://openalex.org/W2015899729; https://openalex.org/W2039594639; https://openalex.org/W2059488340; https://openalex.org/W2069176561; https://openalex.org/W2071122890; https://openalex.org/W2077212436; https://openalex.org/W2088166168; https://openalex.org/W2104126268; https://openalex.org/W2113114620; https://openalex.org/W2114629817; https://openalex.org/W2124627636; https://openalex.org/W2134349791; https://openalex.org/W2157503655; https://openalex.org/W2293433648; https://openalex.org/W2340952989; https://openalex.org/W2508981912; https://openalex.org/W2619532290; https://openalex.org/W4239664074; https://openalex.org/W6608389152; https://openalex.org/W6636768363; https://openalex.org/W6715764353,https://openalex.org/W2374086689; https://openalex.org/W3176279093; https://openalex.org/W2373945265; https://openalex.org/W2370203001; https://openalex.org/W1912565424; https://openalex.org/W4246410201; https://openalex.org/W2788100579; https://openalex.org/W4235363889; https://openalex.org/W4380046139; https://openalex.org/W2369328707,12.0,not_found_papers_enriched.csv
Temporal duration-based probabilistic argumentation frameworks,Temporal duration-based probabilistic argumentation frameworks.pdf,https://doi.org/10.1093/logcom/exae039,2024.0,Journal of Logic and Computation,"Abstract The study of Dung-style Argumentation Frameworks in recent years has focused on incorporating time. For example, availability intervals have been added to arguments and relations, resulting in different outputs of Dung semantics over time. This paper examines the probability distribution of arguments over time intervals. Using this temporal probabilistic model, the study explores how these frameworks can be transformed into a probabilistic argumentation according to the constellation approach and how they can be interpreted within the epistemic approach. The epistemic approach relies on the notion of defeat to select significant conflicts based on probability distributions. The study also introduces the temporal acceptability of arguments based on the concept of defence, allowing for more precise results over time. Finally, the models (constellation and epistemic) are extended to account for events that have a duration, i.e. that can occur for several consecutive instants of time.",Argumentation theory; Probabilistic argumentation; Probabilistic logic; Duration (music); Computer science; Argumentation framework; Semantics (computer science); Probability distribution; Epistemology; Theoretical computer science; Artificial intelligence; Mathematics; Statistics; Philosophy; Programming language,Stefano Bistarelli; Víctor David; Francesco Santini; Carlo Taticchi,Multi-Agent Systems and Negotiation,Artificial Intelligence,Computer Science,Physical Sciences,https://openalex.org/W24359919; https://openalex.org/W1778696417; https://openalex.org/W2011864760; https://openalex.org/W2027823467; https://openalex.org/W2051537873; https://openalex.org/W2059487865; https://openalex.org/W2077401545; https://openalex.org/W2078438690; https://openalex.org/W2093175891; https://openalex.org/W2100758964; https://openalex.org/W2103175089; https://openalex.org/W2104126268; https://openalex.org/W2118090719; https://openalex.org/W2185185904; https://openalex.org/W2207251955; https://openalex.org/W2583952061; https://openalex.org/W2607296286; https://openalex.org/W2739502272; https://openalex.org/W2741878421; https://openalex.org/W2749922657; https://openalex.org/W2808385338; https://openalex.org/W2982308916; https://openalex.org/W2995415950; https://openalex.org/W3193478173; https://openalex.org/W4238199533; https://openalex.org/W4361231130; https://openalex.org/W4375858640; https://openalex.org/W6632786282; https://openalex.org/W6636158921; https://openalex.org/W6638144111; https://openalex.org/W6639072782; https://openalex.org/W6657381839; https://openalex.org/W6675102186; https://openalex.org/W6681024776; https://openalex.org/W6714014461; https://openalex.org/W6738904578; https://openalex.org/W6752178078; https://openalex.org/W6752477369; https://openalex.org/W6754509656; https://openalex.org/W6755954856; https://openalex.org/W6757452464; https://openalex.org/W6759134350; https://openalex.org/W6767558209; https://openalex.org/W6783933153; https://openalex.org/W6791721988; https://openalex.org/W6800043956; https://openalex.org/W6802029426; https://openalex.org/W6871767471; https://openalex.org/W7052218977,https://openalex.org/W2749922657; https://openalex.org/W52290235; https://openalex.org/W2741916207; https://openalex.org/W124110387; https://openalex.org/W1995263174; https://openalex.org/W2065807231; https://openalex.org/W4206471050; https://openalex.org/W2040467548; https://openalex.org/W2206132849; https://openalex.org/W1996614905,0.0,not_found_papers_enriched.csv
The Collocation Method in the Numerical Solution of Boundary Value Problems for Neutral Functional Differential Equations. Part II Differential Equations with Deviating Arguments,The Collocation Method in the Numerical Solution of Boundary Value Problems for Neutral Functional Differential Equations. Part II Differential Equations with Deviating Arguments.pdf,https://doi.org/10.1137/140979022,2015.0,SIAM Journal on Numerical Analysis,"We consider the numerical solution of boundary value problems for neutral differential equations with deviating arguments by the collocation method, which includes the finite element method and the spectral element method. By using the results of Part I [SIAM J. Numer. Anal., 53 (2015), pp. 2771--2793] of this paper, we obtain concrete convergence theorems for this particular type of functional differential equations.",Collocation method; Mathematics; Orthogonal collocation; Collocation (remote sensing); Boundary value problem; Mathematical analysis; Numerical partial differential equations; Finite element method; Spectral method; Convergence (economics); Differential equation; Ordinary differential equation; Physics; Computer science,Stefano Maset,Differential Equations and Numerical Methods,Numerical Analysis,Mathematics,Physical Sciences,https://openalex.org/W1550341792; https://openalex.org/W1783677089; https://openalex.org/W1967707755; https://openalex.org/W1998501357; https://openalex.org/W2014898529; https://openalex.org/W2067962513; https://openalex.org/W2126076281; https://openalex.org/W2236801637,https://openalex.org/W2791210196; https://openalex.org/W2078318892; https://openalex.org/W4255016916; https://openalex.org/W2111003632; https://openalex.org/W1987365920; https://openalex.org/W2889856026; https://openalex.org/W1989122168; https://openalex.org/W2150070385; https://openalex.org/W2000247808; https://openalex.org/W2384941625,9.0,not_found_papers_enriched.csv
The Discussion Tracker Corpus of Collaborative Argumentation,The Discussion Tracker Corpus of Collaborative Argumentation.pdf,,2020.0,Language Resources and Evaluation,,Argumentation theory; Computer science; Argument (complex analysis); Natural language processing; Artificial intelligence; Task (project management); Asynchronous communication; Dimension (graph theory); British National Corpus; Linguistics; Information retrieval,Christopher Olshefski; Luca Lugini; Ravneet Singh; Diane Litman; Amanda Godley,Multi-Agent Systems and Negotiation,Artificial Intelligence,Computer Science,Physical Sciences,https://openalex.org/W103353389; https://openalex.org/W113391426; https://openalex.org/W644009671; https://openalex.org/W753782118; https://openalex.org/W1997210479; https://openalex.org/W1998827834; https://openalex.org/W1999833337; https://openalex.org/W2009762592; https://openalex.org/W2017433125; https://openalex.org/W2033656793; https://openalex.org/W2039019646; https://openalex.org/W2044876887; https://openalex.org/W2046771154; https://openalex.org/W2122400464; https://openalex.org/W2127756491; https://openalex.org/W2146111747; https://openalex.org/W2158139315; https://openalex.org/W2169397596; https://openalex.org/W2250427093; https://openalex.org/W2250539671; https://openalex.org/W2251521080; https://openalex.org/W2251931307; https://openalex.org/W2261586594; https://openalex.org/W2343649478; https://openalex.org/W2395678543; https://openalex.org/W2510716588; https://openalex.org/W2520457279; https://openalex.org/W2573519875; https://openalex.org/W2576216542; https://openalex.org/W2578653405; https://openalex.org/W2611904365; https://openalex.org/W2789064996; https://openalex.org/W2807191971; https://openalex.org/W2890194160; https://openalex.org/W2903353975; https://openalex.org/W2903757417; https://openalex.org/W2912804155; https://openalex.org/W2938991962; https://openalex.org/W2963161084; https://openalex.org/W2971477304; https://openalex.org/W2971497402; https://openalex.org/W2972052008; https://openalex.org/W3105663928,https://openalex.org/W3027359543; https://openalex.org/W2962758507; https://openalex.org/W2805743735; https://openalex.org/W3111143273; https://openalex.org/W2487492979; https://openalex.org/W3040795793; https://openalex.org/W2593361376; https://openalex.org/W2996497876; https://openalex.org/W2963341956; https://openalex.org/W2573772233; https://openalex.org/W2087900392; https://openalex.org/W2780286821; https://openalex.org/W3211383138; https://openalex.org/W2572941563; https://openalex.org/W3176397918; https://openalex.org/W2927955097; https://openalex.org/W576550507; https://openalex.org/W3200589108; https://openalex.org/W2766067323; https://openalex.org/W2898653207,3.0,not_found_papers_enriched.csv
The Matrix Approach for Abstract Argumentation Frameworks,The Matrix Approach for Abstract Argumentation Frameworks.pdf,https://doi.org/10.1007/978-3-319-28460-6_15,2015.0,Lecture notes in computer science,,Argumentation theory; Computer science; Matrix (chemical analysis); Extension (predicate logic); Theoretical computer science; Algebra over a field; Dual (grammatical number); Algorithm; Mathematics; Programming language; Pure mathematics; Epistemology,Yuming Xu; Claudette Cayrol,Multi-Agent Systems and Negotiation,Artificial Intelligence,Computer Science,Physical Sciences,https://openalex.org/W14006711; https://openalex.org/W158747404; https://openalex.org/W1495117512; https://openalex.org/W1511394270; https://openalex.org/W1626176828; https://openalex.org/W1786983340; https://openalex.org/W1827123875; https://openalex.org/W1966873207; https://openalex.org/W1974434188; https://openalex.org/W1984290203; https://openalex.org/W2039594639; https://openalex.org/W2088885689; https://openalex.org/W2098746567; https://openalex.org/W2100875224; https://openalex.org/W2104126268; https://openalex.org/W2112029595; https://openalex.org/W2114268090; https://openalex.org/W2118090719; https://openalex.org/W2120554020; https://openalex.org/W2121835362; https://openalex.org/W2127205333; https://openalex.org/W2129730018; https://openalex.org/W2140636349; https://openalex.org/W4285719527,https://openalex.org/W2141332034; https://openalex.org/W4256185029; https://openalex.org/W4388437769; https://openalex.org/W2762454042; https://openalex.org/W2064153856; https://openalex.org/W2337488240; https://openalex.org/W52290235; https://openalex.org/W3007362904; https://openalex.org/W4214900125; https://openalex.org/W2042560047,14.0,not_found_papers_enriched.csv
The Shift from Logic to Dialectic in Argumentation Theory Implications for Computational Argument Quality Assessment,The Shift from Logic to Dialectic in Argumentation Theory Implications for Computational Argument Quality Assessment.pdf,https://doi.org/10.5167/uzh-292130,2025.0,"Universität Zürich, ZORA","In the field of computational argument quality assessment, logic and dialectic are essential dimensions used to measure the quality of argumentative texts. Both of them have found their way into the field due to their importance to argumentation theory. We trace the development of core logical concepts of validity and soundness from their first use in argumentation theory to their understanding in state-of-the-art research. We show how, in the course of this development, dialectical considerations have taken center stage, at the cost of the logical perspective. Then, we take a closer look at the quality dimensions used in the field of computational argument quality assessment. Based on an analysis of prior empirical work in this field, we show how methodological considerations from argument theory can benefit state-of-the-art methods in computational argument quality assessment. We propose an even clearer separation between the two quality dimensions not only in regards to their definitions, but also in regards to the granularity at which the argumentative text is being annotated and assessed.",Argumentation theory; Argumentative; Soundness; Argument (complex analysis); Argument map; Dialectic; TRACE (psycholinguistics),Rositsa V Ivanova; Reto Gubelmann,Multi-Agent Systems and Negotiation,Artificial Intelligence,Computer Science,Physical Sciences,,,0.0,not_found_papers_enriched.csv
The Use of Multilegged Arguments to Increase Confidence in Safety Claims for Software-Based Systems A Study Based on a BBN Analysis of an Idealized Example,The Use of Multilegged Arguments to Increase Confidence in Safety Claims for Software-Based Systems A Study Based on a BBN Analysis of an Idealized Example.pdf,https://doi.org/10.1109/tse.2007.1002,2007.0,IEEE Transactions on Software Engineering,"The work described here concerns the use of so-called multilegged arguments to support dependability claims about software-based systems. The informal justification for the use of multilegged arguments is similar to that used to support the use of multiversion software in pursuit of high reliability or safety. Just as a diverse 1-out-of-2 system might be expected to be more reliable than each of its two component versions, so might a two-legged argument be expected to give greater confidence in the correctness of a dependability claim (for example, a safety claim) than would either of the argument legs alone. Our intention here is to treat these argument structures formally, in particular, by presenting a formal probabilistic treatment of ""confidence,? which will be used as a measure of efficacy. This will enable claims for the efficacy of the multilegged approach to be made quantitatively, answering questions such as, ""How much extra confidence about a system's safety will I have if I add a verification argument leg to an argument leg based upon statistical testing?? For this initial study, we concentrate on a simplified and idealized example of a safety system in which interest centers upon a claim about the probability of failure on demand. Our approach is to build a ""Bayesian Belief Network? (BBN) model of a two-legged argument and manipulate this analytically via parameters that define its node probability tables. The aim here is to obtain greater insight than what is afforded by the more usual BBN treatment, which involves merely numerical manipulation. We show that the addition of a diverse second argument leg can indeed increase confidence in a dependability claim; in a reasonably plausible example, the doubt in the claim is reduced to one-third of the doubt present in the original single leg. However, we also show that there can be some unexpected and counterintuitive subtleties here; for example, an entirely supportive second leg can sometimes undermine an original argument, resulting, overall, in less confidence than what came from this original argument. Our results are neutral on the issue of whether such difficulties will arise in real life?that is, when real experts judge real systems.",Argument (complex analysis); Correctness; Computer science; Dependability; Safety case; Probabilistic logic; Bayesian network; Component (thermodynamics); Life-critical system; Software; Artificial intelligence; Algorithm; Risk analysis (engineering); Software engineering; Programming language,Bev Littlewood; David Wright,Risk and Safety Analysis,"Statistics, Probability and Uncertainty",Decision Sciences,Social Sciences,https://openalex.org/W20647207; https://openalex.org/W30853191; https://openalex.org/W56998983; https://openalex.org/W89983288; https://openalex.org/W568057840; https://openalex.org/W1510471904; https://openalex.org/W1513861746; https://openalex.org/W1580051908; https://openalex.org/W1971991620; https://openalex.org/W1999823724; https://openalex.org/W2006258746; https://openalex.org/W2075618192; https://openalex.org/W2089330921; https://openalex.org/W2106398417; https://openalex.org/W2120062331; https://openalex.org/W2129262519; https://openalex.org/W2144361182; https://openalex.org/W2158947442; https://openalex.org/W2159080219; https://openalex.org/W2468822137; https://openalex.org/W2484571116; https://openalex.org/W2578600832; https://openalex.org/W2798735774; https://openalex.org/W4388323202; https://openalex.org/W6602309902; https://openalex.org/W6603608774; https://openalex.org/W6630656317,https://openalex.org/W2392120306; https://openalex.org/W176713066; https://openalex.org/W4214941981; https://openalex.org/W4389215106; https://openalex.org/W1583222536; https://openalex.org/W4388697744; https://openalex.org/W124728143; https://openalex.org/W2739934445; https://openalex.org/W3111880994; https://openalex.org/W8625801,84.0,not_found_papers_enriched.csv
The ASPIC+ framework for structured argumentation a tutorial,The ASPIC+ framework for structured argumentation a tutorial.pdf,https://doi.org/10.1080/19462166.2013.869766,2014.0,Argument & Computation,"This article gives a tutorial introduction to the ASPIC + framework for structured argumentation. The philosophical and conceptual underpinnings of ASPIC + are discussed, the main definitions are illustrated with examples and several ways are discussed to instantiate the framework and to reconstruct other approaches as special cases of the framework. The ASPIC + framework is based on two ideas: the first is that conflicts between arguments are often resolved with explicit preferences, and the second is that arguments are built with two kinds of inference rules: strict, or deductive rules, whose premises guarantee their conclusion, and defeasible rules, whose premises only create a presumption in favour of their conclusion. Accordingly, arguments can in ASPIC + be attacked in three ways: on their uncertain premises, or on their defeasible inferences, or on the conclusions of their defeasible inferences. ASPIC + is not a system but a framework for specifying systems. A main objective of the study of the ASPIC + framework is to identify conditions under which instantiations of the framework satisfy logical consistency and closure properties.",Argumentation theory; Computer science; Programming language; Philosophy; Epistemology,Sanjay Modgil; Henry Prakken,Multi-Agent Systems and Negotiation,Artificial Intelligence,Computer Science,Physical Sciences,https://openalex.org/W651638839; https://openalex.org/W1480651636; https://openalex.org/W1513592377; https://openalex.org/W1514583064; https://openalex.org/W1515210918; https://openalex.org/W1525740542; https://openalex.org/W1534361892; https://openalex.org/W1552250714; https://openalex.org/W1936596455; https://openalex.org/W1951907177; https://openalex.org/W1969776745; https://openalex.org/W1979409532; https://openalex.org/W1992259715; https://openalex.org/W2006559750; https://openalex.org/W2015899729; https://openalex.org/W2039020269; https://openalex.org/W2039594639; https://openalex.org/W2056630576; https://openalex.org/W2071122890; https://openalex.org/W2078947139; https://openalex.org/W2080142817; https://openalex.org/W2104126268; https://openalex.org/W2109409153; https://openalex.org/W2129213188; https://openalex.org/W2129713143; https://openalex.org/W2159569510; https://openalex.org/W2167543484; https://openalex.org/W2171853123; https://openalex.org/W2396827330; https://openalex.org/W4243806410; https://openalex.org/W6679040154,https://openalex.org/W2899084033; https://openalex.org/W2748952813; https://openalex.org/W4256185029; https://openalex.org/W2141332034; https://openalex.org/W2337488240; https://openalex.org/W2762454042; https://openalex.org/W4388437769; https://openalex.org/W2064153856; https://openalex.org/W52290235; https://openalex.org/W3007362904,299.0,not_found_papers_enriched.csv
Timed Concurrent Language for Argumentation An Interleaving Approach,Timed Concurrent Language for Argumentation An Interleaving Approach.pdf,https://doi.org/10.1007/978-3-030-94479-7_7,2022.0,Lecture notes in computer science,,Computer science; Interleaving; Argumentation theory; Exploit; Computation; Interval temporal logic; Parallelism (grammar); Programming language; Theoretical computer science; Artificial intelligence; Temporal logic; Parallel computing,Stefano Bistarelli; Maria Chiara Meo; Carlo Taticchi,Multi-Agent Systems and Negotiation,Artificial Intelligence,Computer Science,Physical Sciences,https://openalex.org/W154256342; https://openalex.org/W271057898; https://openalex.org/W1570690073; https://openalex.org/W1975303601; https://openalex.org/W1981281472; https://openalex.org/W1994157580; https://openalex.org/W2077401545; https://openalex.org/W2104126268; https://openalex.org/W2129829265; https://openalex.org/W2137865376; https://openalex.org/W2142423074; https://openalex.org/W2143082793; https://openalex.org/W2885218246; https://openalex.org/W3162147818; https://openalex.org/W4211008702,https://openalex.org/W2168791893; https://openalex.org/W2996932295; https://openalex.org/W2092656858; https://openalex.org/W1565922073; https://openalex.org/W2759584604; https://openalex.org/W2367507878; https://openalex.org/W2482934214; https://openalex.org/W2544900219; https://openalex.org/W946220898; https://openalex.org/W59129029,2.0,not_found_papers_enriched.csv
Transformer-based Argument Mining for Healthcare Applications,Transformer-based Argument Mining for Healthcare Applications.pdf,https://doi.org/10.3233/faia200334,2020.0,Frontiers in artificial intelligence and applications,"Argument(ation) Mining (AM) typically aims at identifying argumentative components in text and predicting the relations among them. Evidence-based decision making in the health-care domain targets at supporting clinicians in their deliberation process to establish the best course of action for the case under evaluation. Although the reasoning stage of this kind of frameworks received considerable attention, little effort has been devoted to the mining stage. We extended an existing dataset by annotating 500 abstracts of Randomized Controlled Trials (RCT) from the MEDLINE database, leading to a dataset of 4198 argument components and 2601 argument relations on different diseases (i.e., neoplasm, glau-coma, hepatitis, diabetes, hypertension). We propose a complete argument mining pipeline for RCTs, classifying argument components as evidence and claims, and predicting the relation, i.e., attack or support , holding between those argument components. We experiment with deep bidirectional transformers in combination with different neural architectures (i.e., LSTM, GRU and CRF) and obtain a macro F1-score of .87 for component detection and .68 for relation prediction , outperforming current state-of-the-art end-to-end AM systems.",Argument (complex analysis); Computer science; Artificial intelligence; Argumentative; Machine learning; Transformer; Data mining; Natural language processing; Medicine; Epistemology; Engineering,Tobias Mayer; Elena Cabrio; Serena Villata,Topic Modeling,Artificial Intelligence,Computer Science,Physical Sciences,https://openalex.org/W28892961; https://openalex.org/W1618531155; https://openalex.org/W2066288042; https://openalex.org/W2068698008; https://openalex.org/W2120587524; https://openalex.org/W2221129296; https://openalex.org/W2250539671; https://openalex.org/W2327805699; https://openalex.org/W2399624726; https://openalex.org/W2471324264; https://openalex.org/W2516255829; https://openalex.org/W2609722168; https://openalex.org/W2615337847; https://openalex.org/W2842153692; https://openalex.org/W2880875857; https://openalex.org/W2885925344; https://openalex.org/W2890071848; https://openalex.org/W2899315526; https://openalex.org/W2924606678; https://openalex.org/W2962685689; https://openalex.org/W2962739339; https://openalex.org/W2963159690; https://openalex.org/W2963341956; https://openalex.org/W2963667932; https://openalex.org/W2964116313; https://openalex.org/W2965373594; https://openalex.org/W2965892119; https://openalex.org/W3103296573,https://openalex.org/W2965892119; https://openalex.org/W3189036019; https://openalex.org/W3123017387; https://openalex.org/W2914617016; https://openalex.org/W3094046600; https://openalex.org/W2971866894; https://openalex.org/W4226218582; https://openalex.org/W2995714616; https://openalex.org/W2901714711; https://openalex.org/W2976405147,34.0,not_found_papers_enriched.csv
Using Graph Convolutional Networks for Approximate Reasoning with Abstract Argumentation Frameworks A Feasibility Study,Using Graph Convolutional Networks for Approximate Reasoning with Abstract Argumentation Frameworks A Feasibility Study.pdf,https://doi.org/10.1007/978-3-030-35514-2_3,2019.0,Lecture notes in computer science,,Argumentation theory; Computer science; Graph; Theoretical computer science; Semantics (computer science); Convolutional neural network; Set (abstract data type); Artificial intelligence; Programming language,Isabelle Kuhlmann; Matthias Thimm,Software Engineering Research,Information Systems,Computer Science,Physical Sciences,https://openalex.org/W154900953; https://openalex.org/W567562179; https://openalex.org/W605681983; https://openalex.org/W1498954346; https://openalex.org/W1559674322; https://openalex.org/W1977177161; https://openalex.org/W2002016471; https://openalex.org/W2018285773; https://openalex.org/W2048283782; https://openalex.org/W2085925139; https://openalex.org/W2088166168; https://openalex.org/W2104126268; https://openalex.org/W2112090702; https://openalex.org/W2124637492; https://openalex.org/W2142334564; https://openalex.org/W2158787690; https://openalex.org/W2163605009; https://openalex.org/W2241638667; https://openalex.org/W2402144811; https://openalex.org/W2752231188; https://openalex.org/W2761833367; https://openalex.org/W2804949991; https://openalex.org/W2892427500; https://openalex.org/W2899412558; https://openalex.org/W2904264195; https://openalex.org/W3143219376; https://openalex.org/W6713134421,https://openalex.org/W2141332034; https://openalex.org/W4256185029; https://openalex.org/W4388437769; https://openalex.org/W2762454042; https://openalex.org/W2064153856; https://openalex.org/W2337488240; https://openalex.org/W52290235; https://openalex.org/W3007362904; https://openalex.org/W4214900125; https://openalex.org/W2980516505,22.0,not_found_papers_enriched.csv
A framework for analysing state-abstraction methods,A-framework-for-analysing-state-abstraction-metho_2022_Artificial-Intelligen.pdf,https://doi.org/10.1016/j.artint.2021.103608,2021.0,Artificial Intelligence,"Abstraction has been used in combinatorial search and action planning from the very beginning of AI. Many different methods and formalisms for state abstraction have been proposed in the literature, but they have been designed from various points of view and with varying purposes. Hence, these methods have been notoriously difficult to analyse and compare in a structured way. In order to improve upon this situation, we present a coherent and flexible framework for modelling abstraction (and abstraction-like) methods based on graph transformations. The usefulness of the framework is demonstrated by applying it to problems in both search and planning. We model six different abstraction methods from the planning literature and analyse their intrinsic properties. We show how to capture many search abstraction concepts (such as avoiding backtracking between levels) and how to put them into a broader context. We also use the framework to identify and investigate connections between refinement and heuristics—two concepts that have usually been considered as unrelated in the literature. This provides new insights into various topics, e.g. Valtorta's theorem and spurious states. We finally extend the framework with composition of transformations to accommodate for abstraction hierarchies, and other multi-level concepts. We demonstrate the latter by modelling and analysing the merge-and-shrink abstraction method.",Rotation formalisms in three dimensions; Computer science; Abstraction; Heuristics; Theoretical computer science; Backtracking; Predicate abstraction; Merge (version control); Context (archaeology); Graph; Programming language; Model checking; Mathematics; Information retrieval,Christer Bäckström; Peter Jönsson,AI-based Problem Solving and Planning,Artificial Intelligence,Computer Science,Physical Sciences,https://openalex.org/W1270652; https://openalex.org/W2411279; https://openalex.org/W12601726; https://openalex.org/W31576638; https://openalex.org/W125130877; https://openalex.org/W128952136; https://openalex.org/W132584314; https://openalex.org/W145832685; https://openalex.org/W177529804; https://openalex.org/W941090075; https://openalex.org/W1484780672; https://openalex.org/W1488497869; https://openalex.org/W1494591410; https://openalex.org/W1514358715; https://openalex.org/W1519712108; https://openalex.org/W1527681034; https://openalex.org/W1534467528; https://openalex.org/W1540044141; https://openalex.org/W1547409887; https://openalex.org/W1552454957; https://openalex.org/W1558562010; https://openalex.org/W1558620469; https://openalex.org/W1561643832; https://openalex.org/W1572038152; https://openalex.org/W1573735688; https://openalex.org/W1585557683; https://openalex.org/W1590703320; https://openalex.org/W1592456571; https://openalex.org/W1601803378; https://openalex.org/W1773969059; https://openalex.org/W1775783412; https://openalex.org/W1788022068; https://openalex.org/W1964090662; https://openalex.org/W1969483458; https://openalex.org/W1975423918; https://openalex.org/W1977395641; https://openalex.org/W1981061232; https://openalex.org/W1981627423; https://openalex.org/W1982538209; https://openalex.org/W2016820997; https://openalex.org/W2019310097; https://openalex.org/W2021380921; https://openalex.org/W2043100293; https://openalex.org/W2045526507; https://openalex.org/W2046915582; https://openalex.org/W2048550374; https://openalex.org/W2055486654; https://openalex.org/W2057188589; https://openalex.org/W2057434766; https://openalex.org/W2061146398; https://openalex.org/W2064277065; https://openalex.org/W2071730763; https://openalex.org/W2071900144; https://openalex.org/W2078727257; https://openalex.org/W2079114230; https://openalex.org/W2080593426; https://openalex.org/W2084335986; https://openalex.org/W2102323131; https://openalex.org/W2110415190; https://openalex.org/W2115926667; https://openalex.org/W2125374272; https://openalex.org/W2127574686; https://openalex.org/W2130160035; https://openalex.org/W2130743314; https://openalex.org/W2134634502; https://openalex.org/W2136791927; https://openalex.org/W2143303446; https://openalex.org/W2147519552; https://openalex.org/W2150433126; https://openalex.org/W2151965271; https://openalex.org/W2160927913; https://openalex.org/W2161241946; https://openalex.org/W2163563828; https://openalex.org/W2167994996; https://openalex.org/W2170377262; https://openalex.org/W2182140368; https://openalex.org/W2197885908; https://openalex.org/W2295532854; https://openalex.org/W2338661386; https://openalex.org/W2395608067; https://openalex.org/W2395681936; https://openalex.org/W2395906882; https://openalex.org/W2398066305; https://openalex.org/W2398923143; https://openalex.org/W2507704646; https://openalex.org/W2531563875; https://openalex.org/W2759222538; https://openalex.org/W2810140051; https://openalex.org/W2888752104; https://openalex.org/W2911253744; https://openalex.org/W2955380013; https://openalex.org/W3090689587; https://openalex.org/W3104440902; https://openalex.org/W3106029456; https://openalex.org/W4249771336; https://openalex.org/W4254300114; https://openalex.org/W6600493758; https://openalex.org/W6605075745; https://openalex.org/W6605226796; https://openalex.org/W6605399993; https://openalex.org/W6606082447; https://openalex.org/W6607202126; https://openalex.org/W6624721569; https://openalex.org/W6628251604; https://openalex.org/W6629188307; https://openalex.org/W6629258741; https://openalex.org/W6629675118; https://openalex.org/W6631086374; https://openalex.org/W6632023096; https://openalex.org/W6632885945; https://openalex.org/W6633428597; https://openalex.org/W6634335451; https://openalex.org/W6635126724; https://openalex.org/W6635349637; https://openalex.org/W6635485855; https://openalex.org/W6636117271; https://openalex.org/W6638006806; https://openalex.org/W6638162279; https://openalex.org/W6641065953; https://openalex.org/W6678734006; https://openalex.org/W6679668870; https://openalex.org/W6682368982; https://openalex.org/W6684522131; https://openalex.org/W6685901946; https://openalex.org/W6687427184; https://openalex.org/W6697128003; https://openalex.org/W6711852375; https://openalex.org/W6712080240; https://openalex.org/W6712258927; https://openalex.org/W6712641455; https://openalex.org/W6744900402; https://openalex.org/W6752465210; https://openalex.org/W6765213996; https://openalex.org/W6783479266,https://openalex.org/W2096561672; https://openalex.org/W1995465248; https://openalex.org/W2348940122; https://openalex.org/W1991474412; https://openalex.org/W2358297592; https://openalex.org/W131260984; https://openalex.org/W108234450; https://openalex.org/W2003959877; https://openalex.org/W3037839855; https://openalex.org/W1527681034,1.0,not_found_papers.csv
An action language for multi-agent domains,An-action-language-for-multi-agent-domains_2022_Artificial-Intelligence.pdf,https://doi.org/10.1016/j.artint.2021.103601,2021.0,Artificial Intelligence,,Rotation formalisms in three dimensions; Computer science; Variety (cybernetics); Action (physics); Semantics (computer science); Generalization; Artificial intelligence; Intelligent agent; Knowledge representation and reasoning; Specification language; Cognitive science; Programming language; Epistemology; Mathematics; Psychology,Chitta Baral; Gregory Gelfond; Enrico Pontelli; Tran Cao Son,"Logic, Reasoning, and Knowledge",Artificial Intelligence,Computer Science,Physical Sciences,https://openalex.org/W5853418; https://openalex.org/W15206906; https://openalex.org/W35931405; https://openalex.org/W49692159; https://openalex.org/W81942528; https://openalex.org/W113392765; https://openalex.org/W148651351; https://openalex.org/W156814138; https://openalex.org/W282332411; https://openalex.org/W939418660; https://openalex.org/W1485990531; https://openalex.org/W1490114956; https://openalex.org/W1505436358; https://openalex.org/W1518725080; https://openalex.org/W1526862878; https://openalex.org/W1549412672; https://openalex.org/W1564534945; https://openalex.org/W1594099509; https://openalex.org/W1647879466; https://openalex.org/W1739646785; https://openalex.org/W1881035854; https://openalex.org/W1955449192; https://openalex.org/W1973052685; https://openalex.org/W1975935536; https://openalex.org/W1976739409; https://openalex.org/W1978631539; https://openalex.org/W1986257313; https://openalex.org/W1988804687; https://openalex.org/W1993512664; https://openalex.org/W1994226409; https://openalex.org/W1998176101; https://openalex.org/W2000712072; https://openalex.org/W2005473008; https://openalex.org/W2009810952; https://openalex.org/W2010022202; https://openalex.org/W2030335628; https://openalex.org/W2033623836; https://openalex.org/W2036900631; https://openalex.org/W2038809129; https://openalex.org/W2045474169; https://openalex.org/W2054071520; https://openalex.org/W2070368455; https://openalex.org/W2070610324; https://openalex.org/W2071617280; https://openalex.org/W2083346314; https://openalex.org/W2088956500; https://openalex.org/W2089299035; https://openalex.org/W2102260941; https://openalex.org/W2113753582; https://openalex.org/W2117117839; https://openalex.org/W2117470611; https://openalex.org/W2118823189; https://openalex.org/W2119409989; https://openalex.org/W2120613606; https://openalex.org/W2121503414; https://openalex.org/W2124254247; https://openalex.org/W2132940773; https://openalex.org/W2134779831; https://openalex.org/W2138162238; https://openalex.org/W2142505627; https://openalex.org/W2146819619; https://openalex.org/W2155322595; https://openalex.org/W2159131252; https://openalex.org/W2165670483; https://openalex.org/W2169602487; https://openalex.org/W2171568542; https://openalex.org/W2183451158; https://openalex.org/W2188435450; https://openalex.org/W2242586014; https://openalex.org/W2261365476; https://openalex.org/W2271942845; https://openalex.org/W2290731519; https://openalex.org/W2295427940; https://openalex.org/W2337392266; https://openalex.org/W2346087839; https://openalex.org/W2397494983; https://openalex.org/W2406131089; https://openalex.org/W2592114483; https://openalex.org/W2600077159; https://openalex.org/W2608239929; https://openalex.org/W2609547559; https://openalex.org/W2612635229; https://openalex.org/W2614079513; https://openalex.org/W2623196617; https://openalex.org/W2740941464; https://openalex.org/W2807974294; https://openalex.org/W2808276755; https://openalex.org/W2811384011; https://openalex.org/W2884214427; https://openalex.org/W2938314623; https://openalex.org/W2945259913; https://openalex.org/W2974168418; https://openalex.org/W3022732795; https://openalex.org/W3037612975; https://openalex.org/W3099531604; https://openalex.org/W3140030144; https://openalex.org/W3146824751; https://openalex.org/W3147236579; https://openalex.org/W3192697409; https://openalex.org/W4213255959; https://openalex.org/W4235131552; https://openalex.org/W4285719527; https://openalex.org/W4300795106; https://openalex.org/W6600238824; https://openalex.org/W6600603040; https://openalex.org/W6604636533; https://openalex.org/W6606434334; https://openalex.org/W6610233115; https://openalex.org/W6624703025; https://openalex.org/W6629558774; https://openalex.org/W6631157581; https://openalex.org/W6631436245; https://openalex.org/W6635461047; https://openalex.org/W6636861173; https://openalex.org/W6639553218; https://openalex.org/W6646776350; https://openalex.org/W6652815091; https://openalex.org/W6675063327; https://openalex.org/W6677134410; https://openalex.org/W6677833281; https://openalex.org/W6678248308; https://openalex.org/W6679800765; https://openalex.org/W6680096503; https://openalex.org/W6684294168; https://openalex.org/W6684792972; https://openalex.org/W6685059950; https://openalex.org/W6685796589; https://openalex.org/W6687344085; https://openalex.org/W6690260324; https://openalex.org/W6692383205; https://openalex.org/W6693960788; https://openalex.org/W6696969421; https://openalex.org/W6712752624; https://openalex.org/W6713343347; https://openalex.org/W6734328076; https://openalex.org/W6742070635; https://openalex.org/W6752690163; https://openalex.org/W6752764303; https://openalex.org/W6752972097; https://openalex.org/W6780222380; https://openalex.org/W6799982575,https://openalex.org/W2065513458; https://openalex.org/W2096409361; https://openalex.org/W2122450552; https://openalex.org/W2147150441; https://openalex.org/W1524094939; https://openalex.org/W2023896637; https://openalex.org/W2035817796; https://openalex.org/W2911477764; https://openalex.org/W2009291520; https://openalex.org/W2024882794,18.0,not_found_papers.csv
Analyzing differentiable fuzzy logic operators,Analyzing-Differentiable-Fuzzy-Logic-Operators_2022_Artificial-Intelligence.pdf,https://doi.org/10.1016/j.artint.2021.103602,2021.0,Artificial Intelligence,"The AI community is increasingly putting its attention towards combining symbolic and neural approaches, as it is often argued that the strengths and weaknesses of these approaches are complementary. One recent trend in the literature are weakly supervised learning techniques that employ operators from fuzzy logics. In particular, these use prior background knowledge described in such logics to help the training of a neural network from unlabeled and noisy data. By interpreting logical symbols using neural networks, this background knowledge can be added to regular loss functions, hence making reasoning a part of learning. We study, both formally and empirically, how a large collection of logical operators from the fuzzy logic literature behave in a differentiable learning setting. We find that many of these operators, including some of the most well-known, are highly unsuitable in this setting. A further finding concerns the treatment of implication in these fuzzy logics, and shows a strong imbalance between gradients driven by the antecedent and the consequent of the implication. Furthermore, we introduce a new family of fuzzy implications (called sigmoidal implications) to tackle this phenomenon. Finally, we empirically show that it is possible to use Differentiable Fuzzy Logics for semi-supervised learning, and compare how different operators behave in practice. We find that, to achieve the largest performance improvement over a supervised baseline, we have to resort to non-standard combinations of logical operators which perform well in learning, but no longer satisfy the usual logical laws.",Differentiable function; Fuzzy logic; Artificial intelligence; Antecedent (behavioral psychology); Computer science; Artificial neural network; Machine learning; Deep learning; Mathematics; Psychology; Pure mathematics,Emile van Krieken; Erman Acar; Frank van Harmelen,Topic Modeling,Artificial Intelligence,Computer Science,Physical Sciences,https://openalex.org/W194786220; https://openalex.org/W830076066; https://openalex.org/W1545139845; https://openalex.org/W1553598118; https://openalex.org/W1560512119; https://openalex.org/W1572618447; https://openalex.org/W1579369571; https://openalex.org/W1826836734; https://openalex.org/W1941659294; https://openalex.org/W1946053744; https://openalex.org/W1968853783; https://openalex.org/W1976129407; https://openalex.org/W1987902506; https://openalex.org/W1989450197; https://openalex.org/W1990794890; https://openalex.org/W2019207321; https://openalex.org/W2048754633; https://openalex.org/W2058214461; https://openalex.org/W2090430963; https://openalex.org/W2103414828; https://openalex.org/W2107019937; https://openalex.org/W2127426251; https://openalex.org/W2136515468; https://openalex.org/W2153959628; https://openalex.org/W2154368244; https://openalex.org/W2156060469; https://openalex.org/W2159080219; https://openalex.org/W2169403045; https://openalex.org/W2201744460; https://openalex.org/W2296268288; https://openalex.org/W2311110368; https://openalex.org/W2357843841; https://openalex.org/W2402839980; https://openalex.org/W2487770199; https://openalex.org/W2504767107; https://openalex.org/W2521274174; https://openalex.org/W2563063592; https://openalex.org/W2746791238; https://openalex.org/W2766447205; https://openalex.org/W2767106145; https://openalex.org/W2767656849; https://openalex.org/W2781474777; https://openalex.org/W2804796373; https://openalex.org/W2808610674; https://openalex.org/W2883247880; https://openalex.org/W2888491130; https://openalex.org/W2893749619; https://openalex.org/W2908522859; https://openalex.org/W2912854851; https://openalex.org/W2949344914; https://openalex.org/W2962791438; https://openalex.org/W2962924847; https://openalex.org/W2963277062; https://openalex.org/W2963290083; https://openalex.org/W2963341956; https://openalex.org/W2963565598; https://openalex.org/W2963737801; https://openalex.org/W2964121744; https://openalex.org/W2964299886; https://openalex.org/W2965936489; https://openalex.org/W2969457682; https://openalex.org/W3036143115; https://openalex.org/W3110909889; https://openalex.org/W3117713512; https://openalex.org/W3124660976; https://openalex.org/W4230964139; https://openalex.org/W6623329352; https://openalex.org/W6633044140; https://openalex.org/W6633434192; https://openalex.org/W6640554483; https://openalex.org/W6678846912; https://openalex.org/W6682839888; https://openalex.org/W6682991711; https://openalex.org/W6697978515; https://openalex.org/W6713174281; https://openalex.org/W6717907803; https://openalex.org/W6718788763; https://openalex.org/W6730679133; https://openalex.org/W6738645990; https://openalex.org/W6741502336; https://openalex.org/W6747063171; https://openalex.org/W6747850612; https://openalex.org/W6747880599; https://openalex.org/W6751691560; https://openalex.org/W6764871101; https://openalex.org/W6767126841; https://openalex.org/W6785858038,https://openalex.org/W3205663647; https://openalex.org/W2963277062; https://openalex.org/W84022607; https://openalex.org/W3183850949; https://openalex.org/W1492402092; https://openalex.org/W2405529744; https://openalex.org/W1602936564; https://openalex.org/W31689888; https://openalex.org/W2342532162; https://openalex.org/W204009595; https://openalex.org/W2046490255; https://openalex.org/W1494572628; https://openalex.org/W188485046; https://openalex.org/W27961112; https://openalex.org/W2578575918; https://openalex.org/W2293330754; https://openalex.org/W2560106142; https://openalex.org/W1597904069; https://openalex.org/W2492604755; https://openalex.org/W2128039555,10.0,not_found_papers.csv
ArgumentBind-Um Modelo para Implementação de Aplicações da Argument Web Integradas com Bases de Dados Abertos e Ligados,ArgumentBind - Um Modelo para Implementação de Aplicações da Argument Web Integradas com Bases de Dados Abertos e Ligados [ArgumentBind - A Model for Implementing Argument Web Integrated Applications .pdf,https://doi.org/10.5753/sbsi.2015.5870,2015.0,Anais do Simpósio Brasileiro de Sistemas de Informação (SBSI),"As ferramentas de comunicação e colaboração através da Internet são amplamente utilizadas por usuários que, através delas, expressam suas opiniões e descrevem seus pontos de vista sobre os mais diversos assuntos. Entretanto estas ferramentas não foram projetadas para apoiar a identificação precisa dos assuntos tratados e tampouco para permitir o relacionamento de elementos que compõe uma interação, resultando em uma grande disponibilidade de informações mas também uma dificuldade na identificação dos elementos de destaque dessas informações, bem como dos seus relacionamentos e suas fontes. Quando integrada com a iniciativa de bases de dados abertos e ligados, a Argument Web apresenta um potencial de ampliar a qualidade das discussões colaborativas na Web, bem como a sua análise. Neste trabalho é apresentado um modelo para a instanciação deste tipo de aplicações. O diferencial que o modelo apresenta está relacionado com a integração de fontes externas em formatos de bases de dados ligados e com aspectos de visualização de dados. Uma avaliação deste modelo em um estudo de caso com uso de bases de dados abertas e ligadas no âmbito da administração pública é apresentada, indicando boas perspectivas.",Humanities; Philosophy; Physics; Computer science,Roberto Niche; Sandro José Rigo,E-Government and Public Services,Political Science and International Relations,Social Sciences,Social Sciences,https://openalex.org/W1528785519; https://openalex.org/W1575316482; https://openalex.org/W1578957392; https://openalex.org/W1985057078; https://openalex.org/W2034775650; https://openalex.org/W2074182434; https://openalex.org/W2086265991; https://openalex.org/W2103175089; https://openalex.org/W2114739726; https://openalex.org/W2127580579; https://openalex.org/W2129213188; https://openalex.org/W2132068389; https://openalex.org/W2395386371; https://openalex.org/W2885143433; https://openalex.org/W3121638988; https://openalex.org/W3163103727; https://openalex.org/W6679763540,https://openalex.org/W4391375266; https://openalex.org/W2748952813; https://openalex.org/W2935759653; https://openalex.org/W3105167352; https://openalex.org/W54078636; https://openalex.org/W2954470139; https://openalex.org/W1501425562; https://openalex.org/W2902782467; https://openalex.org/W3084825885; https://openalex.org/W2298861036,0.0,not_found_papers.csv
Bayesian feature interaction selection for factorization machines,Bayesian-feature-interaction-selection-for-factoriza_2022_Artificial-Intelli.pdf,https://doi.org/10.1016/j.artint.2021.103589,2021.0,Artificial Intelligence,,Feature selection; Computer science; Artificial intelligence; Feature (linguistics); Machine learning; Pairwise comparison; Field (mathematics); Minimum redundancy feature selection; Bayesian probability; Factorization; Inference; Pattern recognition (psychology); Data mining; Mathematics; Algorithm,Yifan Chen; Yang Wang; Pengjie Ren; Meng Wang; Maarten de Rijke,Face and Expression Recognition,Computer Vision and Pattern Recognition,Computer Science,Physical Sciences,https://openalex.org/W949293872; https://openalex.org/W1528905581; https://openalex.org/W1544455437; https://openalex.org/W1546447935; https://openalex.org/W1602136775; https://openalex.org/W1603353793; https://openalex.org/W1698155719; https://openalex.org/W1959608418; https://openalex.org/W1964509623; https://openalex.org/W1973616272; https://openalex.org/W1978049851; https://openalex.org/W1987431925; https://openalex.org/W1992554260; https://openalex.org/W1994389483; https://openalex.org/W1999974018; https://openalex.org/W2002834872; https://openalex.org/W2012908927; https://openalex.org/W2048508267; https://openalex.org/W2051090063; https://openalex.org/W2069870183; https://openalex.org/W2077653218; https://openalex.org/W2089349245; https://openalex.org/W2094286023; https://openalex.org/W2108920354; https://openalex.org/W2112519400; https://openalex.org/W2122090912; https://openalex.org/W2126497681; https://openalex.org/W2128629010; https://openalex.org/W2135046866; https://openalex.org/W2138019504; https://openalex.org/W2140310134; https://openalex.org/W2152049508; https://openalex.org/W2155676512; https://openalex.org/W2159191733; https://openalex.org/W2219888463; https://openalex.org/W2253995343; https://openalex.org/W2288597091; https://openalex.org/W2295739661; https://openalex.org/W2328176404; https://openalex.org/W2443960221; https://openalex.org/W2470457291; https://openalex.org/W2475334473; https://openalex.org/W2509235963; https://openalex.org/W2517540742; https://openalex.org/W2518344269; https://openalex.org/W2531563875; https://openalex.org/W2550070141; https://openalex.org/W2559997609; https://openalex.org/W2572651649; https://openalex.org/W2583200575; https://openalex.org/W2584966963; https://openalex.org/W2592438485; https://openalex.org/W2604242010; https://openalex.org/W2604662567; https://openalex.org/W2605225344; https://openalex.org/W2740130602; https://openalex.org/W2743159750; https://openalex.org/W2745024368; https://openalex.org/W2782494302; https://openalex.org/W2788685622; https://openalex.org/W2788730650; https://openalex.org/W2791451272; https://openalex.org/W2793768763; https://openalex.org/W2800857198; https://openalex.org/W2892181857; https://openalex.org/W2892821876; https://openalex.org/W2896691185; https://openalex.org/W2912329760; https://openalex.org/W2912753362; https://openalex.org/W2913077324; https://openalex.org/W2913106281; https://openalex.org/W2913153455; https://openalex.org/W2913401470; https://openalex.org/W2913556077; https://openalex.org/W2913754224; https://openalex.org/W2914059076; https://openalex.org/W2914065108; https://openalex.org/W2914104258; https://openalex.org/W2914576582; https://openalex.org/W2914584698; https://openalex.org/W2914714884; https://openalex.org/W2914874661; https://openalex.org/W2918008835; https://openalex.org/W2934842096; https://openalex.org/W2950768109; https://openalex.org/W2951493172; https://openalex.org/W2952449615; https://openalex.org/W2954698196; https://openalex.org/W2962917313; https://openalex.org/W2963004721; https://openalex.org/W2963085847; https://openalex.org/W2963323306; https://openalex.org/W2963924287; https://openalex.org/W2964044287; https://openalex.org/W2964052347; https://openalex.org/W2964072618; https://openalex.org/W2964121744; https://openalex.org/W2964182926; https://openalex.org/W2964323458; https://openalex.org/W3081190557; https://openalex.org/W3081278459; https://openalex.org/W3097245679; https://openalex.org/W3101704389; https://openalex.org/W3101951402; https://openalex.org/W4206655182; https://openalex.org/W4244854391; https://openalex.org/W4248949446; https://openalex.org/W4252904263; https://openalex.org/W4365393081; https://openalex.org/W6631190155; https://openalex.org/W6632341176; https://openalex.org/W6640963894; https://openalex.org/W6641184408; https://openalex.org/W6643841388; https://openalex.org/W6644748791; https://openalex.org/W6647338368; https://openalex.org/W6651039442; https://openalex.org/W6662459926; https://openalex.org/W6672849464; https://openalex.org/W6676741973; https://openalex.org/W6677671969; https://openalex.org/W6678583891; https://openalex.org/W6680830989; https://openalex.org/W6689249862; https://openalex.org/W6692053924; https://openalex.org/W6695986770; https://openalex.org/W6697546013; https://openalex.org/W6720612731; https://openalex.org/W6724478308; https://openalex.org/W6725454926; https://openalex.org/W6726412209; https://openalex.org/W6732542285; https://openalex.org/W6732895498; https://openalex.org/W6732924991; https://openalex.org/W6736052557; https://openalex.org/W6741640790; https://openalex.org/W6741901987; https://openalex.org/W6742135154; https://openalex.org/W6742364506; https://openalex.org/W6743020586; https://openalex.org/W6745761510; https://openalex.org/W6747331505; https://openalex.org/W6747855564; https://openalex.org/W6748746125; https://openalex.org/W6749801138; https://openalex.org/W6754755303; https://openalex.org/W6755647782; https://openalex.org/W6763101540; https://openalex.org/W6763808890; https://openalex.org/W6764072591; https://openalex.org/W6764147816; https://openalex.org/W6764756908; https://openalex.org/W6764892378; https://openalex.org/W6766064384; https://openalex.org/W6766152549; https://openalex.org/W6775760675; https://openalex.org/W6845892050; https://openalex.org/W6858214765; https://openalex.org/W6891748289; https://openalex.org/W6917172014; https://openalex.org/W6966608766,https://openalex.org/W2156571267; https://openalex.org/W2998727463; https://openalex.org/W2805829984; https://openalex.org/W4388573469; https://openalex.org/W3135058836; https://openalex.org/W3007979943; https://openalex.org/W4249305026; https://openalex.org/W2883787619; https://openalex.org/W2940071312; https://openalex.org/W2290248771,31.0,not_found_papers.csv
Corrigendum to 'Arguments as Drivers of Issue Polarisation in Debates Among Artificial Agents', Journal of Artificial Societies and Social Simulation,https://doi.org/10.18564/jasss.5068,2023.0,Journal of Artificial Societies and Social Simulation,,Artificial intelligence; Artificial life; Computer science; Political science; Psychology; Sociology,Felix Kopecky,Computational and Text Analysis Methods,General Social Sciences,Social Sciences,Social Sciences,https://openalex.org/W4361987270,https://openalex.org/W2899084033; https://openalex.org/W2748952813; https://openalex.org/W4214553788; https://openalex.org/W2091786736; https://openalex.org/W2390279801; https://openalex.org/W2358668433; https://openalex.org/W3107474891; https://openalex.org/W2077982222; https://openalex.org/W2544762252; https://openalex.org/W3038252241,1.0,not_found_papers.csv
The role of argument strength and informational biases in polarization and bi-polarization effects, Journal of Artificial Societies and Social Simulation,https://doi.org/10.18564/jasss.5062,2023.0,Journal of Artificial Societies and Social Simulation,"This simulation research explores the informational causes of polarization and bi-polarization of opinions within groups.We define 'polarization' here as a uniform change of the opinion of the whole group in the same direction, whereas 'bi-polarization' indicates a split of two subgroups towards opposite directions.For our purposes, we have expanded the model of the Argument Communication Theory of Bi-polarization.This is an argument-based multi-agent model of opinion dynamics inspired by Persuasive Argument Theory.The original model accounts for polarization as an outcome of pure informational influence and reproduces bipolarization effects by postulating an additional mechanism of homophilous selection of communication partners.The expanded model adds two dimensions: i.e., argument strength and more sophisticated protocols of informational influence (argument communication and opinion update).Adding the first dimension, allows us to investigate whether and how the presence of stronger or weaker arguments in a discussion influences polarization and bi-polarization dynamics, as suggested by the original framework of Persuasive Arguments Theory.The second feature allows us to test whether other mechanisms related to confirmation bias and epistemic vigilance can act as a driving force of bi-polarization.For the first issue, our simulations showed that argument strength has a measurable effect.For the second, our results would indicate that, in absence of homophily, only very strong types of informational bias can lead to bi-polarization.",Polarization (electrochemistry); Argument (complex analysis); Chemistry; Physical chemistry,Carlo Proietti; Davide Chiarella,Cultural Differences and Values,Social Psychology,Psychology,Social Sciences,https://openalex.org/W36665044; https://openalex.org/W1509660953; https://openalex.org/W1699023120; https://openalex.org/W1775741007; https://openalex.org/W1857001233; https://openalex.org/W1967280689; https://openalex.org/W1986776260; https://openalex.org/W2005766286; https://openalex.org/W2008090445; https://openalex.org/W2042714524; https://openalex.org/W2043278939; https://openalex.org/W2045041554; https://openalex.org/W2049657615; https://openalex.org/W2056716347; https://openalex.org/W2059726439; https://openalex.org/W2075585362; https://openalex.org/W2081989682; https://openalex.org/W2083689991; https://openalex.org/W2104256533; https://openalex.org/W2108397255; https://openalex.org/W2109955529; https://openalex.org/W2113096089; https://openalex.org/W2132553681; https://openalex.org/W2139736626; https://openalex.org/W2142029554; https://openalex.org/W2150398127; https://openalex.org/W2164558494; https://openalex.org/W2320355750; https://openalex.org/W2507159341; https://openalex.org/W2575025881; https://openalex.org/W2807826800; https://openalex.org/W2891958238; https://openalex.org/W2903595185; https://openalex.org/W2906495677; https://openalex.org/W2909119508; https://openalex.org/W3122906026; https://openalex.org/W3147106373; https://openalex.org/W4245365549; https://openalex.org/W4246920349; https://openalex.org/W4247596638; https://openalex.org/W4253456176; https://openalex.org/W4297786039; https://openalex.org/W4301938171; https://openalex.org/W4313830553; https://openalex.org/W4361991014; https://openalex.org/W6601531622; https://openalex.org/W6636734326; https://openalex.org/W6637520947; https://openalex.org/W6638903263; https://openalex.org/W6647344561; https://openalex.org/W6649934526; https://openalex.org/W6650523737; https://openalex.org/W6651803278; https://openalex.org/W6652735631; https://openalex.org/W6662565579; https://openalex.org/W6671601864; https://openalex.org/W6676554332; https://openalex.org/W6751878840; https://openalex.org/W6757734384; https://openalex.org/W6808572161; https://openalex.org/W6816049251; https://openalex.org/W6818216699,https://openalex.org/W3008380943; https://openalex.org/W2115206405; https://openalex.org/W4387718383; https://openalex.org/W1528986568; https://openalex.org/W2500746363; https://openalex.org/W2295951338; https://openalex.org/W2804199312; https://openalex.org/W2347954438; https://openalex.org/W2071460425; https://openalex.org/W2060538888,4.0,not_found_papers.csv
Efficient multi-agent epistemic planning: Teaching planners about nested belief,Efficient-multi-agent-epistemic-planning--Teaching-plan_2022_Artificial-Inte.pdf,https://doi.org/10.1016/j.artint.2021.103605,2021.0,Artificial Intelligence,"Many AI applications involve the interaction of multiple autonomous agents, requiring those agents to reason about their own beliefs, as well as those of other agents. However, planning involving nested beliefs is known to be computationally challenging. In this work, we address the task of synthesizing plans that necessitate reasoning about the beliefs of other agents. We plan from the perspective of a single agent with the potential for goals and actions that involve nested beliefs, non-homogeneous agents, co-present observations, and the ability for one agent to reason as if it were another. We formally characterize our notion of planning with nested belief, and subsequently demonstrate how to automatically convert such problems into problems that appeal to classical planning technology for solving efficiently. Our approach represents an important step towards applying the well-established field of automated planning to the challenging task of planning involving nested beliefs of multiple agents.",Plan (archaeology); Computer science; Task (project management); Perspective (graphical); Management science; Homogeneous; Artificial intelligence; Mathematics; Engineering; Systems engineering,Christian Muise; Vaishak Belle; Paolo Felli; Sheila A. McIlraith; Tim Miller; Adrian R. Pearce; Liz Sonenberg,"Logic, Reasoning, and Knowledge",Artificial Intelligence,Computer Science,Physical Sciences,https://openalex.org/W10790791; https://openalex.org/W59863158; https://openalex.org/W116587910; https://openalex.org/W125541279; https://openalex.org/W158740256; https://openalex.org/W196063391; https://openalex.org/W1537222736; https://openalex.org/W1594099509; https://openalex.org/W1596067335; https://openalex.org/W1982853556; https://openalex.org/W1988247961; https://openalex.org/W1998176101; https://openalex.org/W2005473008; https://openalex.org/W2015799951; https://openalex.org/W2032206951; https://openalex.org/W2040299173; https://openalex.org/W2040402984; https://openalex.org/W2070610324; https://openalex.org/W2080582842; https://openalex.org/W2094965318; https://openalex.org/W2099143991; https://openalex.org/W2102811273; https://openalex.org/W2124212197; https://openalex.org/W2134991397; https://openalex.org/W2149420462; https://openalex.org/W2152252333; https://openalex.org/W2154573498; https://openalex.org/W2155581733; https://openalex.org/W2157598229; https://openalex.org/W2162735718; https://openalex.org/W2163751633; https://openalex.org/W2183451158; https://openalex.org/W2188435450; https://openalex.org/W2222911679; https://openalex.org/W2242586014; https://openalex.org/W2261365476; https://openalex.org/W2265087217; https://openalex.org/W2271942845; https://openalex.org/W2290731519; https://openalex.org/W2404787561; https://openalex.org/W2413524703; https://openalex.org/W2490403395; https://openalex.org/W2576517076; https://openalex.org/W2577072195; https://openalex.org/W2592114483; https://openalex.org/W2726363408; https://openalex.org/W2778429004; https://openalex.org/W2783350854; https://openalex.org/W2811384011; https://openalex.org/W2934382939; https://openalex.org/W2974949998; https://openalex.org/W3021203245; https://openalex.org/W3037612975; https://openalex.org/W3080305882; https://openalex.org/W3101288375; https://openalex.org/W3102048506; https://openalex.org/W3106180137; https://openalex.org/W3118156678; https://openalex.org/W3192697409; https://openalex.org/W6600449431; https://openalex.org/W6602386377; https://openalex.org/W6604757880; https://openalex.org/W6606426061; https://openalex.org/W6607942948; https://openalex.org/W6632157951; https://openalex.org/W6635461047; https://openalex.org/W6639369443; https://openalex.org/W6647347755; https://openalex.org/W6677854965; https://openalex.org/W6682273784; https://openalex.org/W6682926111; https://openalex.org/W6687344085; https://openalex.org/W6689109989; https://openalex.org/W6690260324; https://openalex.org/W6692383205; https://openalex.org/W6693960788; https://openalex.org/W6698741356; https://openalex.org/W6703549479; https://openalex.org/W6713170221; https://openalex.org/W6715760961; https://openalex.org/W6722887910; https://openalex.org/W6732077112; https://openalex.org/W6732288649; https://openalex.org/W6740109810; https://openalex.org/W6747445220; https://openalex.org/W6752764303; https://openalex.org/W6780222380; https://openalex.org/W6782211018; https://openalex.org/W6799982575,https://openalex.org/W3204997998; https://openalex.org/W2188435450; https://openalex.org/W1974482901; https://openalex.org/W3082666203; https://openalex.org/W2040205007; https://openalex.org/W2783241338; https://openalex.org/W3201341052; https://openalex.org/W2416470364; https://openalex.org/W3209084863; https://openalex.org/W2184767998; https://openalex.org/W631965503; https://openalex.org/W2005541838; https://openalex.org/W2982556880; https://openalex.org/W2187629872; https://openalex.org/W3094167605; https://openalex.org/W2126081677; https://openalex.org/W2526891141; https://openalex.org/W3000990902; https://openalex.org/W3128129633; https://openalex.org/W1561047330,4.0,not_found_papers.csv
Evaluation of argument strength in attack graphs: Foundations and semantics,Evaluation-of-argument-strength-in-attack-graphs--Foun_2022_Artificial-Intel.pdf,https://doi.org/10.1016/j.artint.2021.103607,2021.0,Artificial Intelligence,,Argument (complex analysis); Operational semantics; Proof-theoretic semantics; Semantics (computer science); Well-founded semantics; Formal semantics (linguistics); Computer science; Argumentation framework; Denotational semantics; Argumentation theory; Graph; Computational semantics; Theoretical computer science; Programming language; Epistemology,Leïla Amgoud; Dragan Doder; Srdjan Vesić,Multi-Agent Systems and Negotiation,Artificial Intelligence,Computer Science,Physical Sciences,https://openalex.org/W36665044; https://openalex.org/W52566239; https://openalex.org/W118976055; https://openalex.org/W157848010; https://openalex.org/W176373453; https://openalex.org/W1482673721; https://openalex.org/W1516465541; https://openalex.org/W1540952379; https://openalex.org/W1562353621; https://openalex.org/W1602796727; https://openalex.org/W1772815481; https://openalex.org/W1786983340; https://openalex.org/W1825730661; https://openalex.org/W1966873207; https://openalex.org/W1975303601; https://openalex.org/W1979409532; https://openalex.org/W1992307494; https://openalex.org/W1997210479; https://openalex.org/W2034735942; https://openalex.org/W2039020269; https://openalex.org/W2054530127; https://openalex.org/W2066660796; https://openalex.org/W2069176561; https://openalex.org/W2071122890; https://openalex.org/W2075002200; https://openalex.org/W2078438690; https://openalex.org/W2078998039; https://openalex.org/W2079883067; https://openalex.org/W2104126268; https://openalex.org/W2107316243; https://openalex.org/W2109955529; https://openalex.org/W2112029595; https://openalex.org/W2116246756; https://openalex.org/W2118090719; https://openalex.org/W2118471024; https://openalex.org/W2147067422; https://openalex.org/W2156092566; https://openalex.org/W2159569510; https://openalex.org/W2160547131; https://openalex.org/W2171853123; https://openalex.org/W2186294605; https://openalex.org/W2216166376; https://openalex.org/W2249168209; https://openalex.org/W2256667123; https://openalex.org/W2276940646; https://openalex.org/W2326239417; https://openalex.org/W2340985688; https://openalex.org/W2346933546; https://openalex.org/W2400817707; https://openalex.org/W2405720308; https://openalex.org/W2405925847; https://openalex.org/W2408617648; https://openalex.org/W2516653820; https://openalex.org/W2524556227; https://openalex.org/W2571688166; https://openalex.org/W2572125165; https://openalex.org/W2575025881; https://openalex.org/W2578757281; https://openalex.org/W2610466262; https://openalex.org/W2613795762; https://openalex.org/W2613959975; https://openalex.org/W2617837836; https://openalex.org/W2626914210; https://openalex.org/W2725922920; https://openalex.org/W2741878421; https://openalex.org/W2742131233; https://openalex.org/W2745560456; https://openalex.org/W2749922657; https://openalex.org/W2752231188; https://openalex.org/W2755461958; https://openalex.org/W2761833367; https://openalex.org/W2762986940; https://openalex.org/W2783708491; https://openalex.org/W2803376394; https://openalex.org/W2807839585; https://openalex.org/W2890047289; https://openalex.org/W2891006786; https://openalex.org/W2899133858; https://openalex.org/W2903595185; https://openalex.org/W2945395455; https://openalex.org/W2950345894; https://openalex.org/W2964571865; https://openalex.org/W2976151755; https://openalex.org/W2985293430; https://openalex.org/W3083724270; https://openalex.org/W3099166159; https://openalex.org/W3105994699; https://openalex.org/W3125506016; https://openalex.org/W3135193199; https://openalex.org/W3163948728; https://openalex.org/W6601531622; https://openalex.org/W6602199002; https://openalex.org/W6604764964; https://openalex.org/W6606363322; https://openalex.org/W6607263952; https://openalex.org/W6607749905; https://openalex.org/W6628835485; https://openalex.org/W6632274309; https://openalex.org/W6638144111; https://openalex.org/W6638207898; https://openalex.org/W6676103814; https://openalex.org/W6686729489; https://openalex.org/W6691713564; https://openalex.org/W6692127136; https://openalex.org/W6693422437; https://openalex.org/W6694888537; https://openalex.org/W6712683683; https://openalex.org/W6714014461; https://openalex.org/W6714166700; https://openalex.org/W6722226382; https://openalex.org/W6727361044; https://openalex.org/W6731525460; https://openalex.org/W6731540443; https://openalex.org/W6731834062; https://openalex.org/W6732394414; https://openalex.org/W6742200697; https://openalex.org/W6744381359; https://openalex.org/W6745115147; https://openalex.org/W6752422241; https://openalex.org/W6754650400; https://openalex.org/W6755825331; https://openalex.org/W6762410753; https://openalex.org/W6766307021; https://openalex.org/W6782711559; https://openalex.org/W6786017691; https://openalex.org/W6791721988,https://openalex.org/W2109790275; https://openalex.org/W91938043; https://openalex.org/W144630327; https://openalex.org/W2048735591; https://openalex.org/W30461449; https://openalex.org/W3007870257; https://openalex.org/W2320759892; https://openalex.org/W2081930115; https://openalex.org/W2389911052; https://openalex.org/W2032910840,39.0,not_found_papers.csv
Fast optimal and bounded suboptimal Euclidean pathfinding,Fast-optimal-and-bounded-suboptimal-Euclidean-path_2022_Artificial-Intellige.pdf,https://doi.org/10.1016/j.artint.2021.103624,2021.0,Artificial Intelligence,,Pathfinding; Computer science; Shortest path problem; Path (computing); Mathematical optimization; Range (aeronautics); Speedup; Algorithm; Exploit; Mathematics; Theoretical computer science; Parallel computing; Engineering,Bojie Shen; Muhammad Aamir Cheema; Daniel Harabor; Peter J. Stuckey,Robotic Path Planning Algorithms,Computer Vision and Pattern Recognition,Computer Science,Physical Sciences,https://openalex.org/W1514632510; https://openalex.org/W1622225657; https://openalex.org/W1969483458; https://openalex.org/W2013451793; https://openalex.org/W2014843742; https://openalex.org/W2081751185; https://openalex.org/W2135125135; https://openalex.org/W2152679156; https://openalex.org/W2163178194; https://openalex.org/W2201539200; https://openalex.org/W2403099801; https://openalex.org/W2515498963; https://openalex.org/W2611500512; https://openalex.org/W2614653677; https://openalex.org/W2617837836; https://openalex.org/W2733911228; https://openalex.org/W2900686218; https://openalex.org/W4206908526; https://openalex.org/W4240935049; https://openalex.org/W6600457160; https://openalex.org/W6603064294; https://openalex.org/W6631972861; https://openalex.org/W6635187633; https://openalex.org/W6637922572; https://openalex.org/W6679896305; https://openalex.org/W6680140934; https://openalex.org/W6681387049; https://openalex.org/W6682000589; https://openalex.org/W6682792703; https://openalex.org/W6687222037; https://openalex.org/W6713441206; https://openalex.org/W6714121795; https://openalex.org/W6731524659; https://openalex.org/W6735010133; https://openalex.org/W6741896678; https://openalex.org/W6766491377; https://openalex.org/W6779272418; https://openalex.org/W6779935770; https://openalex.org/W6780466236; https://openalex.org/W6797666147,https://openalex.org/W4385882924; https://openalex.org/W2810620529; https://openalex.org/W3199145913; https://openalex.org/W4253588386; https://openalex.org/W2385402343; https://openalex.org/W1970871823; https://openalex.org/W2391412785; https://openalex.org/W2019177547; https://openalex.org/W2375280931; https://openalex.org/W3183360588,13.0,not_found_papers.csv
Globalizing constraint models,Globalizing-constraint-models_2022_Artificial-Intelligence.pdf,https://doi.org/10.1007/978-3-642-33558-7_13,2012.0,Lecture notes in computer science,,Computer science; Constraint (computer-aided design); Constraint programming; Benchmark (surveying); Laptop; USable; Scheduling (production processes); Constraint satisfaction; Matching (statistics); Set (abstract data type); Domain (mathematical analysis); Theoretical computer science; Algorithm; Artificial intelligence; Mathematical optimization; Programming language; Mathematics,Nicolas Beldiceanu; Helmut Simonis,Constraint Satisfaction and Optimization,Computer Networks and Communications,Computer Science,Physical Sciences,https://openalex.org/W10942467; https://openalex.org/W15946853; https://openalex.org/W80684329; https://openalex.org/W119628501; https://openalex.org/W167581966; https://openalex.org/W303670457; https://openalex.org/W634743053; https://openalex.org/W855425110; https://openalex.org/W1493071618; https://openalex.org/W1497543220; https://openalex.org/W1508891358; https://openalex.org/W1510761797; https://openalex.org/W1516905216; https://openalex.org/W1523751874; https://openalex.org/W1529354938; https://openalex.org/W1533046786; https://openalex.org/W1589158051; https://openalex.org/W1591532012; https://openalex.org/W1672530173; https://openalex.org/W1776181708; https://openalex.org/W1982007983; https://openalex.org/W2000059300; https://openalex.org/W2023772817; https://openalex.org/W2024144573; https://openalex.org/W2038997204; https://openalex.org/W2059310502; https://openalex.org/W2114537044; https://openalex.org/W2117049717; https://openalex.org/W2130272456; https://openalex.org/W2151028272; https://openalex.org/W2156172772; https://openalex.org/W2166264273; https://openalex.org/W2320377306; https://openalex.org/W2487140311; https://openalex.org/W2591697836; https://openalex.org/W2729734553; https://openalex.org/W2761798304; https://openalex.org/W2894564506; https://openalex.org/W2917125947; https://openalex.org/W2959792658; https://openalex.org/W2988320476; https://openalex.org/W3104467213; https://openalex.org/W4206586122; https://openalex.org/W4239067298; https://openalex.org/W4247191984,https://openalex.org/W2806071588; https://openalex.org/W2097415053; https://openalex.org/W1514298554; https://openalex.org/W1486916474; https://openalex.org/W4243324743; https://openalex.org/W1531664660; https://openalex.org/W2120647900; https://openalex.org/W1496100162; https://openalex.org/W4303044088; https://openalex.org/W4313469555,100.0,not_found_papers.csv
Integrating social influence modeling and user modeling for trust prediction in signed networks,Integrating-social-influence-modeling-and-user-modeling-f_2022_Artificial-In.pdf,https://doi.org/10.1016/j.artint.2021.103628,2021.0,Artificial Intelligence,,Distrust; Computer science; Relation (database); Social network (sociolinguistics); Ranking (information retrieval); Domain (mathematical analysis); Data science; Artificial intelligence; Data mining; World Wide Web; Social media; Psychology; Mathematics,Hui Fang; Xiaoming Li; Jie Zhang,Spam and Phishing Detection,Information Systems,Computer Science,Physical Sciences,https://openalex.org/W3592458; https://openalex.org/W34646664; https://openalex.org/W39300343; https://openalex.org/W264307213; https://openalex.org/W1535467187; https://openalex.org/W1536725520; https://openalex.org/W1556758605; https://openalex.org/W1575340908; https://openalex.org/W1577527831; https://openalex.org/W1877706574; https://openalex.org/W1964537599; https://openalex.org/W1974289589; https://openalex.org/W1979104937; https://openalex.org/W1980949197; https://openalex.org/W1995749711; https://openalex.org/W1998201987; https://openalex.org/W2003079481; https://openalex.org/W2003707464; https://openalex.org/W2007444087; https://openalex.org/W2015476624; https://openalex.org/W2017270267; https://openalex.org/W2026417691; https://openalex.org/W2028513945; https://openalex.org/W2032118903; https://openalex.org/W2037933327; https://openalex.org/W2062866147; https://openalex.org/W2081480803; https://openalex.org/W2088571412; https://openalex.org/W2101409529; https://openalex.org/W2117831564; https://openalex.org/W2154454189; https://openalex.org/W2155421596; https://openalex.org/W2160018391; https://openalex.org/W2166639727; https://openalex.org/W2167467982; https://openalex.org/W2245317702; https://openalex.org/W2271825318; https://openalex.org/W2532488759; https://openalex.org/W2545446346; https://openalex.org/W2580767461; https://openalex.org/W2585835859; https://openalex.org/W2605200191; https://openalex.org/W2612708909; https://openalex.org/W2616605651; https://openalex.org/W2622849676; https://openalex.org/W2761144878; https://openalex.org/W2768375068; https://openalex.org/W2780539838; https://openalex.org/W2783466287; https://openalex.org/W2789139726; https://openalex.org/W2799110708; https://openalex.org/W2890058722; https://openalex.org/W2896852898; https://openalex.org/W2900427005; https://openalex.org/W2912770857; https://openalex.org/W2913754224; https://openalex.org/W2933386281; https://openalex.org/W2951533109; https://openalex.org/W2951922949; https://openalex.org/W2953386262; https://openalex.org/W2963655167; https://openalex.org/W2964140784; https://openalex.org/W3006484790; https://openalex.org/W3025192315; https://openalex.org/W3101951402; https://openalex.org/W4230792291; https://openalex.org/W4230983570; https://openalex.org/W4231451199; https://openalex.org/W4232932184; https://openalex.org/W4241334867; https://openalex.org/W4241735343; https://openalex.org/W4243744326; https://openalex.org/W4244854391; https://openalex.org/W4248949446; https://openalex.org/W4250543126; https://openalex.org/W4252566574; https://openalex.org/W4300382868; https://openalex.org/W4300821084; https://openalex.org/W6600144857; https://openalex.org/W6601364618; https://openalex.org/W6609799568; https://openalex.org/W6641398722; https://openalex.org/W6643901782; https://openalex.org/W6651101266; https://openalex.org/W6657780374; https://openalex.org/W6665904855; https://openalex.org/W6668627878; https://openalex.org/W6675437574; https://openalex.org/W6681049267; https://openalex.org/W6682982796; https://openalex.org/W6683600614; https://openalex.org/W6684789732; https://openalex.org/W6693639326; https://openalex.org/W6728391224; https://openalex.org/W6729311779; https://openalex.org/W6733273589; https://openalex.org/W6735784384; https://openalex.org/W6738989757; https://openalex.org/W6744889484; https://openalex.org/W6758519957; https://openalex.org/W6764604393,https://openalex.org/W2152370238; https://openalex.org/W2090589575; https://openalex.org/W3193570178; https://openalex.org/W3160132286; https://openalex.org/W2136955267; https://openalex.org/W2712460288; https://openalex.org/W2352717624; https://openalex.org/W2364471629; https://openalex.org/W1499113510; https://openalex.org/W1967293071,19.0,not_found_papers.csv
On the acceptability of arguments and its fundamental role in nonmonotonic reasoning," logic programming and n-person games""",https://doi.org/10.1016/0004-3702(94)00041-x,1995.0,Artificial Intelligence,,Non-monotonic logic; Computer science; Artificial intelligence; Cognitive science; Mathematics; Mathematical economics; Psychology,Phan Minh Dũng,"Logic, Reasoning, and Knowledge",Artificial Intelligence,Computer Science,Physical Sciences,https://openalex.org/W8731361; https://openalex.org/W16194962; https://openalex.org/W19957210; https://openalex.org/W38131582; https://openalex.org/W54375062; https://openalex.org/W94320921; https://openalex.org/W101954491; https://openalex.org/W105821165; https://openalex.org/W138414955; https://openalex.org/W149849566; https://openalex.org/W159748828; https://openalex.org/W168384132; https://openalex.org/W176609766; https://openalex.org/W195239097; https://openalex.org/W637782668; https://openalex.org/W1489133937; https://openalex.org/W1494051470; https://openalex.org/W1521560294; https://openalex.org/W1530554985; https://openalex.org/W1541434994; https://openalex.org/W1562593161; https://openalex.org/W1565282301; https://openalex.org/W1567925158; https://openalex.org/W1637480429; https://openalex.org/W1672891595; https://openalex.org/W1709754610; https://openalex.org/W1766332311; https://openalex.org/W1784061619; https://openalex.org/W1965338409; https://openalex.org/W1966552757; https://openalex.org/W1968516603; https://openalex.org/W1970598347; https://openalex.org/W1984715534; https://openalex.org/W1987005090; https://openalex.org/W1991718988; https://openalex.org/W1996347293; https://openalex.org/W1997210479; https://openalex.org/W2003531456; https://openalex.org/W2010104109; https://openalex.org/W2020153579; https://openalex.org/W2053726320; https://openalex.org/W2067326626; https://openalex.org/W2069972706; https://openalex.org/W2089299035; https://openalex.org/W2093089155; https://openalex.org/W2102048877; https://openalex.org/W2111353076; https://openalex.org/W2118735566; https://openalex.org/W2131789574; https://openalex.org/W2144846366; https://openalex.org/W2155322595; https://openalex.org/W2156092566; https://openalex.org/W2164280641; https://openalex.org/W2169602487; https://openalex.org/W2212036697; https://openalex.org/W2331210449; https://openalex.org/W2399343913; https://openalex.org/W2476859540; https://openalex.org/W2539866670; https://openalex.org/W2601974362; https://openalex.org/W2612793397; https://openalex.org/W2908436493; https://openalex.org/W2911867543; https://openalex.org/W2913166189; https://openalex.org/W2914178012; https://openalex.org/W2945259913; https://openalex.org/W2950321465; https://openalex.org/W3160286556; https://openalex.org/W4256682192; https://openalex.org/W4388397150; https://openalex.org/W6600628903; https://openalex.org/W6600819366; https://openalex.org/W6602233016; https://openalex.org/W6603853096; https://openalex.org/W6604283155; https://openalex.org/W6605642330; https://openalex.org/W6606515944; https://openalex.org/W6607254775; https://openalex.org/W6607749905; https://openalex.org/W6629333021; https://openalex.org/W6629424293; https://openalex.org/W6630983890; https://openalex.org/W6631912156; https://openalex.org/W6633932544; https://openalex.org/W6636699021; https://openalex.org/W6637991074; https://openalex.org/W6638065767; https://openalex.org/W6676668875; https://openalex.org/W6679796182; https://openalex.org/W6684174723; https://openalex.org/W6757747223,https://openalex.org/W1979597421; https://openalex.org/W2007980826; https://openalex.org/W4245490552; https://openalex.org/W4225152035; https://openalex.org/W2061531152; https://openalex.org/W3002753104; https://openalex.org/W2077600819; https://openalex.org/W1587224694; https://openalex.org/W2911598644; https://openalex.org/W2142036596,4244.0,not_found_papers.csv
On fair selection in the presence of implicit and differential variance,On-fair-selection-in-the-presence-of-implicit-and-dif_2022_Artificial-Intell.pdf,https://doi.org/10.1016/j.artint.2021.103609,2021.0,Artificial Intelligence,,Variance (accounting); Decision maker; Disadvantaged; Selection (genetic algorithm); Quality (philosophy); Mathematics; Parity (physics); Econometrics; Differential (mechanical device); Decision rule; Statistics; Computer science; Economics; Artificial intelligence; Operations research,Vitalii Emelianov; Nicolas Gast; Krishna P. Gummadi; Patrick Loiseau,"Names, Identity, and Discrimination Research",Sociology and Political Science,Social Sciences,Social Sciences,https://openalex.org/W1549059388; https://openalex.org/W1554603184; https://openalex.org/W1556513643; https://openalex.org/W2000042664; https://openalex.org/W2026019770; https://openalex.org/W2053440962; https://openalex.org/W2162670686; https://openalex.org/W2290267588; https://openalex.org/W2530395818; https://openalex.org/W2540757487; https://openalex.org/W2584805976; https://openalex.org/W2605800822; https://openalex.org/W2784174975; https://openalex.org/W2792934256; https://openalex.org/W2890559011; https://openalex.org/W2949200088; https://openalex.org/W2949804651; https://openalex.org/W2950538796; https://openalex.org/W2963512460; https://openalex.org/W2964031043; https://openalex.org/W2970850777; https://openalex.org/W2989701728; https://openalex.org/W2994007361; https://openalex.org/W3001655931; https://openalex.org/W3013300757; https://openalex.org/W3013948354; https://openalex.org/W3014812867; https://openalex.org/W3023309920; https://openalex.org/W3034658884; https://openalex.org/W3088724664; https://openalex.org/W3092200250; https://openalex.org/W3101686649; https://openalex.org/W3103362336; https://openalex.org/W3121853310; https://openalex.org/W3123223998; https://openalex.org/W3125450884; https://openalex.org/W3135667590; https://openalex.org/W4206243922; https://openalex.org/W4229573723; https://openalex.org/W4253763531; https://openalex.org/W4288091621; https://openalex.org/W4288348554; https://openalex.org/W4298246334; https://openalex.org/W4299828299; https://openalex.org/W4301113013; https://openalex.org/W4302172614; https://openalex.org/W6632931678; https://openalex.org/W6633096910; https://openalex.org/W6657162407; https://openalex.org/W6684072790; https://openalex.org/W6728551298; https://openalex.org/W6729253952; https://openalex.org/W6733207073; https://openalex.org/W6749301074; https://openalex.org/W6762120138; https://openalex.org/W6763088173; https://openalex.org/W6763290930; https://openalex.org/W6765951675; https://openalex.org/W6767301763; https://openalex.org/W6767629742; https://openalex.org/W6771316439; https://openalex.org/W6772654722; https://openalex.org/W6779698503; https://openalex.org/W6784414950; https://openalex.org/W6785663211,https://openalex.org/W4366769580; https://openalex.org/W2350227609; https://openalex.org/W3140304255; https://openalex.org/W1546741102; https://openalex.org/W2353368610; https://openalex.org/W2385913382; https://openalex.org/W2388183047; https://openalex.org/W2002810666; https://openalex.org/W3124168754; https://openalex.org/W1490979717,16.0,not_found_papers.csv
Pareto optimization for subset selection with dynamic cost constraints,Pareto-optimization-for-subset-selection-with-dynamic_2022_Artificial-Intell.pdf,https://doi.org/10.1016/j.artint.2021.103597,2019.0,Artificial Intelligence,"In this paper, we consider the subset selection problem for function f with constraint bound B which changes over time. We point out that adaptive variants of greedy approaches commonly used in the area of submodular optimization are not able to maintain their approximation quality. Investigating the recently introduced POMC Pareto optimization approach, we show that this algorithm efficiently computes a φ = (αf/2)(1− α1f )-approximation, where αf is the sube modularity ratio of f, for each possible constraint bound b ≤ B. Furthermore, we show that POMC is able to adapt its set of solutions quickly in the case that B increases. Our experimental investigations for the influence maximization in social networks show the advantage of POMC over generalized greedy algorithms.",Submodular set function; Maximization; Greedy algorithm; Mathematical optimization; Constraint (computer-aided design); Pareto principle; Mathematics; Approximation algorithm; Set (abstract data type); Optimization problem; Selection (genetic algorithm); Computer science; Combinatorics; Artificial intelligence,Vahid Roostapour; Aneta Neumann; Frank Neumann; Tobias Friedrich,Advanced Bandit Algorithms Research,Management Science and Operations Research,Decision Sciences,Social Sciences,https://openalex.org/W88459763; https://openalex.org/W581215525; https://openalex.org/W1493650034; https://openalex.org/W1566959760; https://openalex.org/W1680189815; https://openalex.org/W1962684803; https://openalex.org/W1990734013; https://openalex.org/W1996218898; https://openalex.org/W2011193572; https://openalex.org/W2053105309; https://openalex.org/W2064933851; https://openalex.org/W2070987589; https://openalex.org/W2077386313; https://openalex.org/W2080379754; https://openalex.org/W2110786553; https://openalex.org/W2113437680; https://openalex.org/W2124637492; https://openalex.org/W2126105956; https://openalex.org/W2138597123; https://openalex.org/W2143551222; https://openalex.org/W2151612665; https://openalex.org/W2152688255; https://openalex.org/W2159512835; https://openalex.org/W2187602868; https://openalex.org/W2310530842; https://openalex.org/W2402962589; https://openalex.org/W2531699011; https://openalex.org/W2740307401; https://openalex.org/W2802344229; https://openalex.org/W2888641532; https://openalex.org/W2953507825; https://openalex.org/W2954938754; https://openalex.org/W2962686327; https://openalex.org/W2963353311; https://openalex.org/W2963428892; https://openalex.org/W3116113279; https://openalex.org/W4285719527; https://openalex.org/W4312512934; https://openalex.org/W6603550372; https://openalex.org/W6641263247; https://openalex.org/W6649452097; https://openalex.org/W6669804776; https://openalex.org/W6678485558; https://openalex.org/W6680646936; https://openalex.org/W6681505724; https://openalex.org/W6683584534; https://openalex.org/W6687060249; https://openalex.org/W6698160861; https://openalex.org/W6724212191; https://openalex.org/W6728085205; https://openalex.org/W6742099052; https://openalex.org/W6744411917; https://openalex.org/W6756712141; https://openalex.org/W6764650871; https://openalex.org/W6769489085; https://openalex.org/W6772491424,https://openalex.org/W3200825350; https://openalex.org/W1969814716; https://openalex.org/W137627111; https://openalex.org/W3174242388; https://openalex.org/W2547451030; https://openalex.org/W2991084542; https://openalex.org/W2315442006; https://openalex.org/W1789261995; https://openalex.org/W3177376447; https://openalex.org/W1558032106; https://openalex.org/W2366028129; https://openalex.org/W2286383949; https://openalex.org/W43777471; https://openalex.org/W1665846492; https://openalex.org/W2042835211; https://openalex.org/W3016148837; https://openalex.org/W2219245462; https://openalex.org/W2019347980; https://openalex.org/W2053353344; https://openalex.org/W2090900793,20.0,not_found_papers.csv
An automated multiple-choice question generation using natural language processing techniques,Processing natural language arguments with theTextCoopplatform.pdf,https://doi.org/10.5121/ijnlc.2021.10201,2021.0,International Journal on Natural Language Computing,"Automatic multiple-choice question generation (MCQG) is a useful yet challenging task in Natural Language Processing (NLP). It is the task of automatic generation of correct and relevant questions from textual data. Despite its usefulness, manually creating sizeable, meaningful and relevant questions is a time-consuming and challenging task for teachers. In this paper, we present an NLP-based system for automatic MCQG for Computer-Based Testing Examination (CBTE).We used NLP technique to extract keywords that are important words in a given lesson material. To validate that the system is not perverse, five lesson materials were used to check the effectiveness and efficiency of the system. The manually extracted keywords by the teacher were compared to the auto-generated keywords and the result shows that the system was capable of extracting keywords from lesson materials in setting examinable questions. This outcome is presented in a user-friendly interface for easy accessibility.",Computer science; Task (project management); Natural language processing; Interface (matter); Artificial intelligence; Natural (archaeology); Natural language generation; Question answering; Natural language,Chidinma Nwafor; Ikechukwu Onyenwe,Topic Modeling,Artificial Intelligence,Computer Science,Physical Sciences,https://openalex.org/W1486421535; https://openalex.org/W2088126119; https://openalex.org/W2100163188; https://openalex.org/W2138533289; https://openalex.org/W2153835941; https://openalex.org/W2181507835; https://openalex.org/W2579034289; https://openalex.org/W2655123653; https://openalex.org/W2892397150; https://openalex.org/W4239533702,https://openalex.org/W3157284875; https://openalex.org/W2259406085; https://openalex.org/W2099715052; https://openalex.org/W2147241511; https://openalex.org/W2152921782; https://openalex.org/W4226247999; https://openalex.org/W382594479; https://openalex.org/W4213176082; https://openalex.org/W2187398150; https://openalex.org/W3209772662,32.0,not_found_papers.csv
Propositional and predicate logics of incomplete information,Propositional-and-predicate-logics-of-incomplete-in_2022_Artificial-Intellig.pdf,https://doi.org/10.1016/j.artint.2021.103603,2021.0,Artificial Intelligence,,Computer science; Truth value; Classical logic; Predicate logic; T-norm fuzzy logics; Predicate (mathematical logic); Predicate variable; Propositional calculus; Well-formed formula; First-order logic; Propositional formula; Description logic; Extension (predicate logic); Propositional variable; Predicate functor logic; Theoretical computer science; Atomic formula; Mathematics; Artificial intelligence; Intermediate logic; Programming language; Zeroth-order logic; Autoepistemic logic; Multimodal logic,Marco Console; Paolo Guagliardo; Leonid Libkin,"Logic, Reasoning, and Knowledge",Artificial Intelligence,Computer Science,Physical Sciences,https://openalex.org/W1967892492; https://openalex.org/W1975880448; https://openalex.org/W1986497773; https://openalex.org/W2013244568; https://openalex.org/W2020949660; https://openalex.org/W2022427243; https://openalex.org/W2027379370; https://openalex.org/W2039384225; https://openalex.org/W2040247213; https://openalex.org/W2073460318; https://openalex.org/W2093713825; https://openalex.org/W2155322595; https://openalex.org/W2158237121; https://openalex.org/W2167679350; https://openalex.org/W2297697128; https://openalex.org/W6602660945; https://openalex.org/W6628462302; https://openalex.org/W6629149434; https://openalex.org/W6633216678; https://openalex.org/W6633543881; https://openalex.org/W6640539727; https://openalex.org/W6670179770; https://openalex.org/W6675231068; https://openalex.org/W6696202568; https://openalex.org/W6713896500; https://openalex.org/W6724839920; https://openalex.org/W6737676070; https://openalex.org/W6755837064,https://openalex.org/W3202969914; https://openalex.org/W1560898921; https://openalex.org/W2204930804; https://openalex.org/W2393954913; https://openalex.org/W1491405159; https://openalex.org/W2402142462; https://openalex.org/W2170515813; https://openalex.org/W2015496558; https://openalex.org/W2028403208; https://openalex.org/W3011063628; https://openalex.org/W3163489037; https://openalex.org/W321596507; https://openalex.org/W3082208784; https://openalex.org/W162456987; https://openalex.org/W1560092834; https://openalex.org/W2952835335; https://openalex.org/W2596127847; https://openalex.org/W192230374; https://openalex.org/W2611436690; https://openalex.org/W2031749383,8.0,not_found_papers.csv
SAT encodings for Pseudo-Boolean constraints together with at-most-one constraints,SAT-encodings-for-Pseudo-Boolean-constraints-together-w_2022_Artificial-Inte.pdf,https://doi.org/10.1016/j.artint.2021.103604,2021.0,Artificial Intelligence,,Encoding (memory); Constraint (computer-aided design); Boolean satisfiability problem; Satisfiability; Computer science; Maximum satisfiability problem; Scheduling (production processes); Solver; Mathematical optimization; Limit (mathematics); Constraint satisfaction problem; Variety (cybernetics); Theoretical computer science; Mathematics; Algorithm; Boolean function; Artificial intelligence; Probabilistic logic,Miquel Bofill; Jordi Coll; Peter Nightingale; Josep Suy; Felix Ulrich-Oltean; Mateu Villaret,Constraint Satisfaction and Optimization,Computer Networks and Communications,Computer Science,Physical Sciences,https://openalex.org/W66231286; https://openalex.org/W82625556; https://openalex.org/W173773755; https://openalex.org/W192078665; https://openalex.org/W1562307229; https://openalex.org/W1604110421; https://openalex.org/W1656556186; https://openalex.org/W1973131489; https://openalex.org/W1998095921; https://openalex.org/W2001973270; https://openalex.org/W2012413542; https://openalex.org/W2038345112; https://openalex.org/W2049287714; https://openalex.org/W2058440744; https://openalex.org/W2062479871; https://openalex.org/W2088461682; https://openalex.org/W2105197197; https://openalex.org/W2110383956; https://openalex.org/W2116220526; https://openalex.org/W2116758077; https://openalex.org/W2144842698; https://openalex.org/W2149724016; https://openalex.org/W2223094528; https://openalex.org/W2259694080; https://openalex.org/W2484493884; https://openalex.org/W2587095554; https://openalex.org/W2734924814; https://openalex.org/W2739489242; https://openalex.org/W2748379985; https://openalex.org/W2785837881; https://openalex.org/W2909188079; https://openalex.org/W2926978165; https://openalex.org/W2945958344; https://openalex.org/W2973430175; https://openalex.org/W3008827478; https://openalex.org/W3023747602; https://openalex.org/W3037817734; https://openalex.org/W3081116997; https://openalex.org/W3099451540; https://openalex.org/W3103016263; https://openalex.org/W3104744353; https://openalex.org/W3146824751; https://openalex.org/W4205960197; https://openalex.org/W4248922942; https://openalex.org/W4301887518; https://openalex.org/W6603334395; https://openalex.org/W6607241297; https://openalex.org/W6607942744; https://openalex.org/W6628701388; https://openalex.org/W6633784595; https://openalex.org/W6685256917; https://openalex.org/W6688970027; https://openalex.org/W6722373242; https://openalex.org/W6741753389; https://openalex.org/W6743676213; https://openalex.org/W6762760279; https://openalex.org/W6774243819; https://openalex.org/W6785755301,https://openalex.org/W2408080066; https://openalex.org/W2394616262; https://openalex.org/W192406999; https://openalex.org/W2406837904; https://openalex.org/W3152212242; https://openalex.org/W2014111643; https://openalex.org/W2102364390; https://openalex.org/W1913543287; https://openalex.org/W2336941104; https://openalex.org/W3120153087,12.0,not_found_papers.csv
Should We Treat Teddy Bear 2.0 as a Kantian Dog Four Arguments for the Indirect Moral Standing of Personal Social Robots," with Implications for Thinking About Animals and Humans""",https://doi.org/10.1007/s11023-020-09554-3,2020.0,Minds and Machines,"Abstract The use of autonomous and intelligent personal social robots raises questions concerning their moral standing. Moving away from the discussion about direct moral standing and exploring the normative implications of a relational approach to moral standing, this paper offers four arguments that justify giving indirect moral standing to robots under specific conditions based on some of the ways humans—as social, feeling, playing, and doubting beings—relate to them. The analogy of “the Kantian dog” is used to assist reasoning about this. The paper also discusses the implications of this approach for thinking about the moral standing of animals and humans, showing why, when, and how an indirect approach can also be helpful in these fields, and using Levinas and Dewey as sources of inspiration to discuss some challenges raised by this approach.",Feeling; Analogy; Normative; Philosophy of mind; Epistemology; Robot; Psychology; Moral reasoning; Philosophy of science; Social psychology; Sociology; Computer science; Philosophy; Artificial intelligence; Metaphysics,Mark Coeckelbergh,Psychology of Moral and Emotional Judgment,Cognitive Neuroscience,Neuroscience,Life Sciences,https://openalex.org/W175184045; https://openalex.org/W278406595; https://openalex.org/W586606667; https://openalex.org/W598851794; https://openalex.org/W626500561; https://openalex.org/W1556415378; https://openalex.org/W1595165895; https://openalex.org/W1595353434; https://openalex.org/W1595732857; https://openalex.org/W1682244743; https://openalex.org/W1841352775; https://openalex.org/W1892502720; https://openalex.org/W2022297454; https://openalex.org/W2032568497; https://openalex.org/W2074134568; https://openalex.org/W2074606570; https://openalex.org/W2094251476; https://openalex.org/W2116547831; https://openalex.org/W2123403116; https://openalex.org/W2164858469; https://openalex.org/W2164980806; https://openalex.org/W2176759570; https://openalex.org/W2282380228; https://openalex.org/W2490842441; https://openalex.org/W2522193641; https://openalex.org/W2539563437; https://openalex.org/W2766105414; https://openalex.org/W2798806301; https://openalex.org/W3007230393; https://openalex.org/W4231577330; https://openalex.org/W4232127533; https://openalex.org/W4232166125; https://openalex.org/W4240540997; https://openalex.org/W4245315340; https://openalex.org/W4245590854; https://openalex.org/W4251136349; https://openalex.org/W4253935475; https://openalex.org/W4254670259; https://openalex.org/W6607130691; https://openalex.org/W6635726140; https://openalex.org/W6663231550; https://openalex.org/W6814696557,https://openalex.org/W2531287006; https://openalex.org/W4220673763; https://openalex.org/W2037107578; https://openalex.org/W2078814290; https://openalex.org/W1965227077; https://openalex.org/W2052861746; https://openalex.org/W2043402388; https://openalex.org/W2100605390; https://openalex.org/W2953698770; https://openalex.org/W109703496,36.0,not_found_papers.csv
Situation calculus for controller synthesis in manufacturing systems with first-order state representation,Situation-calculus-for-controller-synthesis-in-manufacturi_2022_Artificial-I.pdf,https://doi.org/10.1016/j.artint.2021.103598,2021.0,Artificial Intelligence,,Computer science; Leverage (statistics); Situation calculus; Representation (politics); Process (computing); Decidability; State (computer science); Industrial engineering; Artificial intelligence; Theoretical computer science; Programming language; Engineering,Giuseppe De Giacomo; Paolo Felli; Brian Logan; Fabio Patrizi; Sebastian Sardiña,"Logic, Reasoning, and Knowledge",Artificial Intelligence,Computer Science,Physical Sciences,https://openalex.org/W160326153; https://openalex.org/W194658220; https://openalex.org/W1510238482; https://openalex.org/W1558832481; https://openalex.org/W1579057559; https://openalex.org/W1683212044; https://openalex.org/W1826842009; https://openalex.org/W1845903142; https://openalex.org/W1981616524; https://openalex.org/W1995136447; https://openalex.org/W2022716165; https://openalex.org/W2038809129; https://openalex.org/W2045474169; https://openalex.org/W2062205093; https://openalex.org/W2062569786; https://openalex.org/W2074088166; https://openalex.org/W2101113119; https://openalex.org/W2104020532; https://openalex.org/W2105653187; https://openalex.org/W2109973265; https://openalex.org/W2133249024; https://openalex.org/W2138162238; https://openalex.org/W2139630036; https://openalex.org/W2163534267; https://openalex.org/W2173435042; https://openalex.org/W2228999052; https://openalex.org/W2415711950; https://openalex.org/W2489906281; https://openalex.org/W2530318939; https://openalex.org/W2531563875; https://openalex.org/W2561879244; https://openalex.org/W2572528172; https://openalex.org/W2576134691; https://openalex.org/W2578195641; https://openalex.org/W2578886865; https://openalex.org/W2602753196; https://openalex.org/W2604896086; https://openalex.org/W2611002523; https://openalex.org/W2615071493; https://openalex.org/W2617837836; https://openalex.org/W2622408375; https://openalex.org/W2739885649; https://openalex.org/W2741345158; https://openalex.org/W2783454799; https://openalex.org/W2791668009; https://openalex.org/W2794754646; https://openalex.org/W2795195482; https://openalex.org/W2803875894; https://openalex.org/W2804237162; https://openalex.org/W2804589645; https://openalex.org/W2807711756; https://openalex.org/W2807813222; https://openalex.org/W2808033819; https://openalex.org/W2811071366; https://openalex.org/W2886576864; https://openalex.org/W2898798306; https://openalex.org/W2898965366; https://openalex.org/W2904330165; https://openalex.org/W2912640545; https://openalex.org/W2913459036; https://openalex.org/W2921592877; https://openalex.org/W3042657213; https://openalex.org/W4206031975; https://openalex.org/W4240935049; https://openalex.org/W4300352489; https://openalex.org/W6606534042; https://openalex.org/W6634702277; https://openalex.org/W6638619115; https://openalex.org/W6665828636; https://openalex.org/W6680341452; https://openalex.org/W6723078358; https://openalex.org/W6730716028; https://openalex.org/W6731660875; https://openalex.org/W6732443225; https://openalex.org/W6736328998; https://openalex.org/W6737046912; https://openalex.org/W6742032297; https://openalex.org/W6751922475; https://openalex.org/W6752098662; https://openalex.org/W6752638779; https://openalex.org/W6753039131; https://openalex.org/W6753168148; https://openalex.org/W6753555662; https://openalex.org/W6755840584,https://openalex.org/W2331020993; https://openalex.org/W2972379433; https://openalex.org/W4383764068; https://openalex.org/W1481826604; https://openalex.org/W1797057780; https://openalex.org/W1501430220; https://openalex.org/W3187762542; https://openalex.org/W1587864502; https://openalex.org/W2245963482; https://openalex.org/W2597878053,8.0,not_found_papers.csv
Strategyproof mechanisms for Friends and Enemies Games,Strategyproof-mechanisms-for-Friends-and-Enemies-G_2022_Artificial-Intellige.pdf,https://doi.org/10.1016/j.artint.2021.103610,2021.0,Artificial Intelligence,,Simple (philosophy); Mathematical economics; Computer science; Mathematics; Mechanism (biology); Focus (optics); Mathematical optimization,Michele Flammini; Bojana Kodric; Giovanna Varricchio,Game Theory and Voting Systems,Economics and Econometrics,"Economics, Econometrics and Finance",Social Sciences,https://openalex.org/W175230508; https://openalex.org/W2038992031; https://openalex.org/W2041650715; https://openalex.org/W2108957189; https://openalex.org/W2110681344; https://openalex.org/W2111493319; https://openalex.org/W2134660637; https://openalex.org/W2141263345; https://openalex.org/W2143122080; https://openalex.org/W2166695360; https://openalex.org/W2204649750; https://openalex.org/W2284745657; https://openalex.org/W2484891765; https://openalex.org/W2740387095; https://openalex.org/W2904067633; https://openalex.org/W2949163535; https://openalex.org/W2952554568; https://openalex.org/W2963693668; https://openalex.org/W2963811047; https://openalex.org/W3021716563; https://openalex.org/W3149523783; https://openalex.org/W4249659175; https://openalex.org/W6607132427; https://openalex.org/W6688658864; https://openalex.org/W6696040312; https://openalex.org/W6742176125; https://openalex.org/W6756685756; https://openalex.org/W6766054905; https://openalex.org/W6818725753,https://openalex.org/W1585007175; https://openalex.org/W2382521049; https://openalex.org/W2144385241; https://openalex.org/W2382997850; https://openalex.org/W2165950148; https://openalex.org/W4253593777; https://openalex.org/W2951497643; https://openalex.org/W2390968135; https://openalex.org/W4300101996; https://openalex.org/W3101625811,10.0,not_found_papers.csv
The quest of parsimonious XAI: A human-agent architecture for explanation formulation,The-quest-of-parsimonious-XAI--A-human-agent-architectur_2022_Artificial-Int.pdf,https://doi.org/10.1016/j.artint.2021.103573,2021.0,Artificial Intelligence,,Computer science; Artificial intelligence; Process (computing); Architecture; Trustworthiness; Intelligent agent; Key (lock); Data science,Yazan Mualla; Igor Tchappi; Timotheus Kampik; Amro Najjar; Davide Calvaresi; Abdeljalil Abbas‐Turki; Stéphane Galland; Christophe Nicolle,Explainable Artificial Intelligence (XAI),Artificial Intelligence,Computer Science,Physical Sciences,https://openalex.org/W10317616; https://openalex.org/W419646410; https://openalex.org/W625580471; https://openalex.org/W628721210; https://openalex.org/W1497120980; https://openalex.org/W1560729591; https://openalex.org/W1564831185; https://openalex.org/W1602862533; https://openalex.org/W1634651596; https://openalex.org/W1673923490; https://openalex.org/W1751198022; https://openalex.org/W1891479826; https://openalex.org/W1932649496; https://openalex.org/W1963959269; https://openalex.org/W1965507139; https://openalex.org/W1972577679; https://openalex.org/W1994606570; https://openalex.org/W2004550196; https://openalex.org/W2027608021; https://openalex.org/W2031770870; https://openalex.org/W2034637247; https://openalex.org/W2039188860; https://openalex.org/W2043867338; https://openalex.org/W2056245254; https://openalex.org/W2061141931; https://openalex.org/W2070630645; https://openalex.org/W2070902649; https://openalex.org/W2080754181; https://openalex.org/W2082496272; https://openalex.org/W2091254174; https://openalex.org/W2113019196; https://openalex.org/W2117850960; https://openalex.org/W2119555207; https://openalex.org/W2119858020; https://openalex.org/W2122889832; https://openalex.org/W2124344619; https://openalex.org/W2130766754; https://openalex.org/W2131251708; https://openalex.org/W2140251433; https://openalex.org/W2145704119; https://openalex.org/W2155626675; https://openalex.org/W2160269795; https://openalex.org/W2160379528; https://openalex.org/W2166958329; https://openalex.org/W2168747479; https://openalex.org/W2315841738; https://openalex.org/W2322584079; https://openalex.org/W2328234520; https://openalex.org/W2342889731; https://openalex.org/W2408148568; https://openalex.org/W2507581019; https://openalex.org/W2512823917; https://openalex.org/W2528009990; https://openalex.org/W2567173182; https://openalex.org/W2579950184; https://openalex.org/W2602799623; https://openalex.org/W2620600342; https://openalex.org/W2625712209; https://openalex.org/W2725284386; https://openalex.org/W2739716598; https://openalex.org/W2741445464; https://openalex.org/W2745437966; https://openalex.org/W2753415590; https://openalex.org/W2759795712; https://openalex.org/W2774522520; https://openalex.org/W2782943365; https://openalex.org/W2785327160; https://openalex.org/W2791535658; https://openalex.org/W2800323412; https://openalex.org/W2801816216; https://openalex.org/W2802093198; https://openalex.org/W2806598546; https://openalex.org/W2883171104; https://openalex.org/W2898694742; https://openalex.org/W2903808828; https://openalex.org/W2911825241; https://openalex.org/W2921239100; https://openalex.org/W2922269421; https://openalex.org/W2928736370; https://openalex.org/W2942444880; https://openalex.org/W2942694995; https://openalex.org/W2944850799; https://openalex.org/W2945022240; https://openalex.org/W2945405837; https://openalex.org/W2951416892; https://openalex.org/W2962772482; https://openalex.org/W2962790223; https://openalex.org/W2963095307; https://openalex.org/W2963641083; https://openalex.org/W2964417775; https://openalex.org/W2966289416; https://openalex.org/W2972846289; https://openalex.org/W2974862496; https://openalex.org/W2978565045; https://openalex.org/W2999905431; https://openalex.org/W3011093731; https://openalex.org/W3011748979; https://openalex.org/W3016288167; https://openalex.org/W3037608992; https://openalex.org/W3037996896; https://openalex.org/W3041254055; https://openalex.org/W3128490559; https://openalex.org/W3146124821; https://openalex.org/W3215160418; https://openalex.org/W3217525002; https://openalex.org/W4206210655; https://openalex.org/W4231340493; https://openalex.org/W4231827019; https://openalex.org/W4241857777; https://openalex.org/W4254431624; https://openalex.org/W4297852496; https://openalex.org/W4298052160; https://openalex.org/W6600412051; https://openalex.org/W6633724138; https://openalex.org/W6640235685; https://openalex.org/W6643508399; https://openalex.org/W6649167079; https://openalex.org/W6670741009; https://openalex.org/W6678106159; https://openalex.org/W6679556967; https://openalex.org/W6679568601; https://openalex.org/W6680836886; https://openalex.org/W6682653614; https://openalex.org/W6683858050; https://openalex.org/W6684763898; https://openalex.org/W6713576084; https://openalex.org/W6738843144; https://openalex.org/W6741626399; https://openalex.org/W6744987132; https://openalex.org/W6749230409; https://openalex.org/W6752365708; https://openalex.org/W6756254191; https://openalex.org/W6760281719; https://openalex.org/W6760614652; https://openalex.org/W6761719418; https://openalex.org/W6762157219; https://openalex.org/W6762513456; https://openalex.org/W6766494930; https://openalex.org/W6767171472; https://openalex.org/W6767434321; https://openalex.org/W6775251387; https://openalex.org/W6775697682; https://openalex.org/W6776589794; https://openalex.org/W6780610188; https://openalex.org/W6811473916; https://openalex.org/W6827019770,https://openalex.org/W2076536433; https://openalex.org/W90316445; https://openalex.org/W4327743613; https://openalex.org/W2965447900; https://openalex.org/W3199750033; https://openalex.org/W4391815708; https://openalex.org/W2374509987; https://openalex.org/W3163373470; https://openalex.org/W3005856188; https://openalex.org/W1898221464,44.0,not_found_papers.csv
Three rings," one story Reconstructing the historical connectivity of religious encounters within the OTRA project (Ontology for the Transmission and Re-Use of Argumentative Patterns)""",https://doi.org/10.1017/cbo9780511610455.015,2005.0,Cambridge University Press eBooks,"OutwittedHe drew a circle to shut us outHeretic, rebel, a thing to flout.But love and I had the wit to winWe drew a circle that took him in.Edwin Markham, Quatrains",Productivity; Ring (chemistry); Art; Shut down; Visual arts; Literature; Engineering; Economics; Chemistry; Economic growth,Joseph S. Renzulli,"Education, Achievement, and Giftedness",Experimental and Cognitive Psychology,Psychology,Social Sciences,https://openalex.org/W117534700; https://openalex.org/W130324703; https://openalex.org/W179849783; https://openalex.org/W180790340; https://openalex.org/W194594710; https://openalex.org/W219129637; https://openalex.org/W240606255; https://openalex.org/W291338976; https://openalex.org/W572273702; https://openalex.org/W616047916; https://openalex.org/W618136695; https://openalex.org/W633299246; https://openalex.org/W644954404; https://openalex.org/W1044145726; https://openalex.org/W1517334395; https://openalex.org/W1521360432; https://openalex.org/W1566572938; https://openalex.org/W1605894186; https://openalex.org/W1702768895; https://openalex.org/W1799829833; https://openalex.org/W1855989351; https://openalex.org/W1882172219; https://openalex.org/W1897252411; https://openalex.org/W1977457626; https://openalex.org/W1979625382; https://openalex.org/W1980975781; https://openalex.org/W1982897587; https://openalex.org/W1983835951; https://openalex.org/W1991468460; https://openalex.org/W1993887744; https://openalex.org/W2000338544; https://openalex.org/W2000343416; https://openalex.org/W2008734990; https://openalex.org/W2024797622; https://openalex.org/W2026522500; https://openalex.org/W2026804690; https://openalex.org/W2034031946; https://openalex.org/W2036635785; https://openalex.org/W2042752175; https://openalex.org/W2043558955; https://openalex.org/W2044167547; https://openalex.org/W2045586635; https://openalex.org/W2045832314; https://openalex.org/W2051313240; https://openalex.org/W2052652076; https://openalex.org/W2052729098; https://openalex.org/W2054645286; https://openalex.org/W2055993920; https://openalex.org/W2076225751; https://openalex.org/W2081503956; https://openalex.org/W2089289857; https://openalex.org/W2096111613; https://openalex.org/W2096703461; https://openalex.org/W2104883799; https://openalex.org/W2106915081; https://openalex.org/W2115059495; https://openalex.org/W2119927950; https://openalex.org/W2120864000; https://openalex.org/W2127196546; https://openalex.org/W2131730780; https://openalex.org/W2135409175; https://openalex.org/W2157619495; https://openalex.org/W2171301064; https://openalex.org/W2239343711; https://openalex.org/W2281076358; https://openalex.org/W2316162304; https://openalex.org/W2474750020; https://openalex.org/W2503067436; https://openalex.org/W2523989294; https://openalex.org/W2796631925; https://openalex.org/W3000155823; https://openalex.org/W3019273456; https://openalex.org/W3110688405; https://openalex.org/W3146361359; https://openalex.org/W3149953018,https://openalex.org/W2748952813; https://openalex.org/W2363806788; https://openalex.org/W4248104070; https://openalex.org/W1697760817; https://openalex.org/W2385894095; https://openalex.org/W2356613483; https://openalex.org/W2187013911; https://openalex.org/W2314822115; https://openalex.org/W2440403839; https://openalex.org/W2093176526,591.0,not_found_papers.csv
